-- ============================================================
-- Pakistan Stock Market Simulator - MySQL Database Schema
-- Normalized to Third Normal Form (3NF)
-- Matches ERD Diagram
-- ============================================================

DROP DATABASE IF EXISTS psms_db;
CREATE DATABASE psms_db;
USE psms_db;

-- ============================================================
-- TABLE 1: users
-- Central entity. PK: user_id
-- ============================================================
CREATE TABLE users (
    user_id   INT AUTO_INCREMENT PRIMARY KEY,
    username  VARCHAR(50)  NOT NULL UNIQUE,
    password  VARCHAR(255) NOT NULL,
    created_at DATETIME NOT NULL DEFAULT CURRENT_TIMESTAMP
) ENGINE=InnoDB;

-- ============================================================
-- TABLE 2: sectors (3NF normalization - removes transitive
-- dependency from stocks on sector details)
-- ============================================================
CREATE TABLE sectors (
    sector_id   INT AUTO_INCREMENT PRIMARY KEY,
    sector_name VARCHAR(100) NOT NULL UNIQUE,
    description VARCHAR(500) NULL
) ENGINE=InnoDB;

-- ============================================================
-- TABLE 3: stocks
-- PK: symbol  |  FK: sector_id → sectors
-- ============================================================
CREATE TABLE stocks (
    symbol         VARCHAR(10) PRIMARY KEY,
    company_name   VARCHAR(200) NOT NULL,
    sector_id      INT          NOT NULL,
    current_price  DOUBLE       NOT NULL,
    previous_close DOUBLE       NOT NULL,
    day_open       DOUBLE       NOT NULL,
    volume         BIGINT       NOT NULL DEFAULT 0,
    FOREIGN KEY (sector_id) REFERENCES sectors(sector_id)
        ON DELETE RESTRICT ON UPDATE CASCADE
) ENGINE=InnoDB;

-- ============================================================
-- TABLE 4: portfolios
-- One per user.  FK: user_id → users
-- ============================================================
CREATE TABLE portfolios (
    portfolio_id    INT AUTO_INCREMENT PRIMARY KEY,
    user_id         INT    NOT NULL UNIQUE,
    current_balance DOUBLE NOT NULL DEFAULT 1000000.00,
    initial_balance DOUBLE NOT NULL DEFAULT 1000000.00,
    created_at      DATETIME NOT NULL DEFAULT CURRENT_TIMESTAMP,
    FOREIGN KEY (user_id) REFERENCES users(user_id)
        ON DELETE CASCADE ON UPDATE CASCADE
) ENGINE=InnoDB;

-- ============================================================
-- TABLE 5: holdings
-- Stocks held inside a portfolio.
-- FK: portfolio_id → portfolios,  stock_symbol → stocks
-- ============================================================
CREATE TABLE holdings (
    holding_id      INT AUTO_INCREMENT PRIMARY KEY,
    portfolio_id    INT         NOT NULL,
    stock_symbol    VARCHAR(10) NOT NULL,
    quantity        INT         NOT NULL DEFAULT 0,
    average_buy_price DOUBLE    NOT NULL DEFAULT 0.0,
    UNIQUE KEY uk_portfolio_stock (portfolio_id, stock_symbol),
    FOREIGN KEY (portfolio_id) REFERENCES portfolios(portfolio_id)
        ON DELETE CASCADE ON UPDATE CASCADE,
    FOREIGN KEY (stock_symbol) REFERENCES stocks(symbol)
        ON DELETE CASCADE ON UPDATE CASCADE
) ENGINE=InnoDB;

-- ============================================================
-- TABLE 6: trade_history
-- Every buy/sell executed by a user.
-- FK: user_id → users,  stock_symbol → stocks
-- ============================================================
CREATE TABLE trade_history (
    trade_id        INT AUTO_INCREMENT PRIMARY KEY,
    user_id         INT         NOT NULL,
    stock_symbol    VARCHAR(10) NOT NULL,
    action          ENUM('BUY','SELL') NOT NULL,
    quantity        INT         NOT NULL,
    execution_price DOUBLE      NOT NULL,
    trade_timestamp DATETIME    NOT NULL DEFAULT CURRENT_TIMESTAMP,
    FOREIGN KEY (user_id) REFERENCES users(user_id)
        ON DELETE CASCADE ON UPDATE CASCADE,
    FOREIGN KEY (stock_symbol) REFERENCES stocks(symbol)
        ON DELETE CASCADE ON UPDATE CASCADE,
    INDEX idx_user_trades (user_id, trade_timestamp)
) ENGINE=InnoDB;

-- ============================================================
-- TABLE 7: watchlists
-- Composite key (user_id, stock_symbol).
-- FK: user_id → users,  stock_symbol → stocks
-- ============================================================
CREATE TABLE watchlists (
    user_id      INT         NOT NULL,
    stock_symbol VARCHAR(10) NOT NULL,
    added_at     DATETIME    NOT NULL DEFAULT CURRENT_TIMESTAMP,
    PRIMARY KEY (user_id, stock_symbol),
    FOREIGN KEY (user_id) REFERENCES users(user_id)
        ON DELETE CASCADE ON UPDATE CASCADE,
    FOREIGN KEY (stock_symbol) REFERENCES stocks(symbol)
        ON DELETE CASCADE ON UPDATE CASCADE
) ENGINE=InnoDB;

-- ============================================================
-- TABLE 8: price_alerts
-- FK: user_id → users,  stock_symbol → stocks
-- ============================================================
CREATE TABLE price_alerts (
    alert_id        INT AUTO_INCREMENT PRIMARY KEY,
    user_id         INT         NOT NULL,
    stock_symbol    VARCHAR(10) NOT NULL,
    alert_condition ENUM('ABOVE','BELOW') NOT NULL,
    threshold_price DOUBLE      NOT NULL,
    is_triggered    TINYINT(1)  NOT NULL DEFAULT 0,
    created_at      DATETIME    NOT NULL DEFAULT CURRENT_TIMESTAMP,
    FOREIGN KEY (user_id) REFERENCES users(user_id)
        ON DELETE CASCADE ON UPDATE CASCADE,
    FOREIGN KEY (stock_symbol) REFERENCES stocks(symbol)
        ON DELETE CASCADE ON UPDATE CASCADE
) ENGINE=InnoDB;

-- ============================================================
-- TABLE 9: chat_messages
-- FK: user_id → users
-- ============================================================
CREATE TABLE chat_messages (
    message_id   INT AUTO_INCREMENT PRIMARY KEY,
    user_id      INT  NOT NULL,
    message_text TEXT NOT NULL,
    message_time DATETIME NOT NULL DEFAULT CURRENT_TIMESTAMP,
    FOREIGN KEY (user_id) REFERENCES users(user_id)
        ON DELETE CASCADE ON UPDATE CASCADE,
    INDEX idx_chat_time (message_time)
) ENGINE=InnoDB;

-- ============================================================
-- TABLE 10: reviews
-- FK: user_id → users
-- ============================================================
CREATE TABLE reviews (
    review_id        INT AUTO_INCREMENT PRIMARY KEY,
    user_id          INT  NOT NULL,
    rating           INT  NOT NULL CHECK (rating BETWEEN 1 AND 5),
    comment          TEXT NULL,
    review_timestamp DATETIME NOT NULL DEFAULT CURRENT_TIMESTAMP,
    FOREIGN KEY (user_id) REFERENCES users(user_id)
        ON DELETE CASCADE ON UPDATE CASCADE
) ENGINE=InnoDB;

-- ============================================================
-- TABLE 11: support_tickets
-- FK: user_id → users
-- ============================================================
CREATE TABLE support_tickets (
    ticket_id        INT AUTO_INCREMENT PRIMARY KEY,
    user_id          INT          NOT NULL,
    subject          VARCHAR(200) NOT NULL,
    message          TEXT         NOT NULL,
    status           ENUM('OPEN','IN_PROGRESS','CLOSED') NOT NULL DEFAULT 'OPEN',
    ticket_timestamp DATETIME     NOT NULL DEFAULT CURRENT_TIMESTAMP,
    FOREIGN KEY (user_id) REFERENCES users(user_id)
        ON DELETE CASCADE ON UPDATE CASCADE,
    INDEX idx_user_tickets (user_id, status)
) ENGINE=InnoDB;

-- ============================================================
-- TABLE 12: transactions
-- Wallet deposit/withdraw.  FK: portfolio_id → portfolios
-- ============================================================
CREATE TABLE transactions (
    transaction_id        INT AUTO_INCREMENT PRIMARY KEY,
    portfolio_id          INT NOT NULL,
    transaction_type      ENUM('DEPOSIT','WITHDRAW') NOT NULL,
    amount                DOUBLE   NOT NULL,
    transaction_timestamp DATETIME NOT NULL DEFAULT CURRENT_TIMESTAMP,
    FOREIGN KEY (portfolio_id) REFERENCES portfolios(portfolio_id)
        ON DELETE CASCADE ON UPDATE CASCADE
) ENGINE=InnoDB;

-- ============================================================
-- SEED DATA: Sectors
-- ============================================================
INSERT INTO sectors (sector_name, description) VALUES
('Energy',       'Oil, gas, and power generation companies'),
('Banking',      'Commercial and investment banking institutions'),
('Cement',       'Cement manufacturing and construction materials'),
('Fertilizer',   'Fertilizer production and agricultural chemicals'),
('Technology',   'Information technology and software services'),
('Conglomerate', 'Diversified industrial conglomerates'),
('Textile',      'Textile mills and apparel manufacturers'),
('Automobile',   'Automobile assemblers and parts manufacturers'),
('Pharma',       'Pharmaceutical and healthcare companies'),
('Telecom',      'Telecommunications service providers');

-- ============================================================
-- SEED DATA: Stocks (20 PSX-listed companies)
-- ============================================================
INSERT INTO stocks (symbol, company_name, sector_id, current_price, previous_close, day_open, volume) VALUES
('ENGRO','Engro Corporation',         6, 268.50, 265.00, 266.00, 1250000),
('OGDC', 'Oil & Gas Development',     1,  89.75,  88.50,  89.00, 3400000),
('HBL',  'Habib Bank Limited',        2, 112.30, 110.00, 111.00, 2100000),
('LUCK', 'Lucky Cement',              3, 485.00, 480.00, 482.00,  980000),
('PPL',  'Pakistan Petroleum',        1,  72.40,  71.00,  71.50, 1800000),
('PSO',  'Pakistan State Oil',        1, 195.60, 193.00, 194.00, 1500000),
('FFC',  'Fauji Fertilizer',          4, 108.25, 107.00, 107.50, 2200000),
('HUBC', 'Hub Power Company',         1,  78.90,  77.50,  78.00, 1900000),
('UBL',  'United Bank Limited',       2, 143.50, 141.00, 142.00, 1700000),
('MCB',  'MCB Bank Limited',          2, 178.00, 175.50, 176.00, 1300000),
('EFERT','Engro Fertilizers',         4,  65.30,  64.00,  64.50, 2800000),
('BAHL', 'Bank Al Habib',             2,  58.75,  57.50,  58.00, 1600000),
('MEBL', 'Meezan Bank',              2, 145.60, 143.00, 144.00, 2000000),
('SYS',  'Systems Limited',           5, 398.00, 392.00, 395.00,  750000),
('TRG',  'TRG Pakistan',              5,  85.20,  83.50,  84.00, 1100000),
('DGKC', 'DG Khan Cement',            3,  68.50,  67.00,  67.50, 2400000),
('NML',  'Nishat Mills Limited',       7, 112.00, 110.50, 111.00, 1000000),
('INDU', 'Indus Motor Company',        8, 1285.00,1270.00,1275.00, 320000),
('SEARL','Searle Company',             9, 245.00, 242.00, 243.00,  680000),
('PTC',  'Pakistan Telecom',          10,   8.50,   8.30,   8.40, 5200000);


USE psms_db;

-- ============================================================
-- SEED DATA: 150 Users with Pakistani credentials
-- ============================================================
INSERT INTO users (username, password) VALUES
('ali.ahmed1','pass0001'),
('hassan.ali2','pass0002'),
('hussain.malik3','pass0003'),
('muhammad.qureshi4','pass0004'),
('usman.shah5','pass0005'),
('bilal.butt6','pass0006'),
('faisal.chaudhry7','pass0007'),
('hamza.raza8','pass0008'),
('imran.siddiqui9','pass0009'),
('kamran.iqbal10','pass0010'),
('kashif.hussain11','pass0011'),
('nabeel.mirza12','pass0012'),
('omar.naqvi13','pass0013'),
('saad.sheikh14','pass0014'),
('shahid.abbasi15','pass0015'),
('talha.baloch16','pass0016'),
('waqas.durrani17','pass0017'),
('zubair.gilani18','pass0018'),
('arslan.hashmi19','pass0019'),
('fahad.jaffri20','pass0020'),
('junaid.khattak21','pass0021'),
('khalid.lodhi22','pass0022'),
('naeem.mughal23','pass0023'),
('qamar.niazi24','pass0024'),
('rizwan.paracha25','pass0025'),
('saqib.rajput26','pass0026'),
('tariq.sethi27','pass0027'),
('waseem.tanoli28','pass0028'),
('yasir.usmani29','pass0029'),
('adeel.awan30','pass0030'),
('asad.bhatti31','pass0031'),
('danish.cheema32','pass0032'),
('ehsan.dogar33','pass0033'),
('farhan.gondal34','pass0034'),
('ghulam.hayat35','pass0035'),
('haider.jatoi36','pass0036'),
('irfan.khawaja37','pass0037'),
('jawad.leghari38','pass0038'),
('luqman.marri39','pass0039'),
('moiz.khan40','pass0040'),
('noman.ahmed41','pass0041'),
('owais.ali42','pass0042'),
('pervaiz.malik43','pass0043'),
('rehan.qureshi44','pass0044'),
('salman.shah45','pass0045'),
('umar.butt46','pass0046'),
('vaqar.chaudhry47','pass0047'),
('zeeshan.raza48','pass0048'),
('aamir.siddiqui49','pass0049'),
('abdullah.iqbal50','pass0050'),
('babar.hussain51','pass0051'),
('daniyal.mirza52','pass0052'),
('ejaz.naqvi53','pass0053'),
('faraz.sheikh54','pass0054'),
('haris.abbasi55','pass0055'),
('iqbal.baloch56','pass0056'),
('javed.durrani57','pass0057'),
('mansoor.gilani58','pass0058'),
('noman.hashmi59','pass0059'),
('osama.jaffri60','pass0060'),
('qasim.khattak61','pass0061'),
('raza.lodhi62','pass0062'),
('safwan.mughal63','pass0063'),
('taimur.niazi64','pass0064'),
('uzair.paracha65','pass0065'),
('waqar.rajput66','pass0066'),
('zahid.sethi67','pass0067'),
('ahtesham.tanoli68','pass0068'),
('basit.usmani69','pass0069'),
('ahmed.awan70','pass0070'),
('ali.bhatti71','pass0071'),
('hassan.cheema72','pass0072'),
('hussain.dogar73','pass0073'),
('muhammad.gondal74','pass0074'),
('usman.hayat75','pass0075'),
('bilal.jatoi76','pass0076'),
('faisal.khawaja77','pass0077'),
('hamza.leghari78','pass0078'),
('imran.marri79','pass0079'),
('kamran.khan80','pass0080'),
('kashif.ahmed81','pass0081'),
('nabeel.ali82','pass0082'),
('omar.malik83','pass0083'),
('saad.qureshi84','pass0084'),
('shahid.shah85','pass0085'),
('talha.butt86','pass0086'),
('waqas.chaudhry87','pass0087'),
('zubair.raza88','pass0088'),
('arslan.siddiqui89','pass0089'),
('fahad.iqbal90','pass0090'),
('junaid.hussain91','pass0091'),
('khalid.mirza92','pass0092'),
('naeem.naqvi93','pass0093'),
('qamar.sheikh94','pass0094'),
('rizwan.abbasi95','pass0095'),
('saqib.baloch96','pass0096'),
('tariq.durrani97','pass0097'),
('waseem.gilani98','pass0098'),
('yasir.hashmi99','pass0099'),
('adeel.jaffri100','pass0100'),
('asad.khattak101','pass0101'),
('danish.lodhi102','pass0102'),
('ehsan.mughal103','pass0103'),
('farhan.niazi104','pass0104'),
('ghulam.paracha105','pass0105'),
('haider.rajput106','pass0106'),
('irfan.sethi107','pass0107'),
('jawad.tanoli108','pass0108'),
('luqman.usmani109','pass0109'),
('moiz.awan110','pass0110'),
('noman.bhatti111','pass0111'),
('owais.cheema112','pass0112'),
('pervaiz.dogar113','pass0113'),
('rehan.gondal114','pass0114'),
('salman.hayat115','pass0115'),
('umar.jatoi116','pass0116'),
('vaqar.khawaja117','pass0117'),
('zeeshan.leghari118','pass0118'),
('aamir.marri119','pass0119'),
('abdullah.khan120','pass0120'),
('babar.ahmed121','pass0121'),
('daniyal.ali122','pass0122'),
('ejaz.malik123','pass0123'),
('faraz.qureshi124','pass0124'),
('haris.shah125','pass0125'),
('iqbal.butt126','pass0126'),
('javed.chaudhry127','pass0127'),
('mansoor.raza128','pass0128'),
('noman.siddiqui129','pass0129'),
('osama.iqbal130','pass0130'),
('qasim.hussain131','pass0131'),
('raza.mirza132','pass0132'),
('safwan.naqvi133','pass0133'),
('taimur.sheikh134','pass0134'),
('uzair.abbasi135','pass0135'),
('waqar.baloch136','pass0136'),
('zahid.durrani137','pass0137'),
('ahtesham.gilani138','pass0138'),
('basit.hashmi139','pass0139'),
('ahmed.jaffri140','pass0140'),
('ali.khattak141','pass0141'),
('hassan.lodhi142','pass0142'),
('hussain.mughal143','pass0143'),
('muhammad.niazi144','pass0144'),
('usman.paracha145','pass0145'),
('bilal.rajput146','pass0146'),
('faisal.sethi147','pass0147'),
('hamza.tanoli148','pass0148'),
('imran.usmani149','pass0149'),
('kamran.awan150','pass0150');

-- ============================================================
-- SEED DATA: Portfolios (one per user)
-- ============================================================
INSERT INTO portfolios (user_id, current_balance, initial_balance) VALUES
(1,1211161,1000000),
(2,1015915,1000000),
(3,1298749,1000000),
(4,1005994,1000000),
(5,1169507,1000000),
(6,1299449,1000000),
(7,822642,1000000),
(8,925756,1000000),
(9,1109432,1000000),
(10,1119568,1000000),
(11,1246297,1000000),
(12,845079,1000000),
(13,1034381,1000000),
(14,825378,1000000),
(15,1132053,1000000),
(16,964712,1000000),
(17,1072030,1000000),
(18,1052075,1000000),
(19,833819,1000000),
(20,1060246,1000000),
(21,818920,1000000),
(22,1186509,1000000),
(23,913916,1000000),
(24,1282050,1000000),
(25,1060189,1000000),
(26,1086872,1000000),
(27,1223648,1000000),
(28,1278433,1000000),
(29,1073121,1000000),
(30,1040664,1000000),
(31,1054945,1000000),
(32,819205,1000000),
(33,913660,1000000),
(34,1067184,1000000),
(35,1121259,1000000),
(36,1025655,1000000),
(37,1019472,1000000),
(38,1246360,1000000),
(39,1089315,1000000),
(40,1188661,1000000),
(41,846060,1000000),
(42,1064086,1000000),
(43,968620,1000000),
(44,1004633,1000000),
(45,1269552,1000000),
(46,1122526,1000000),
(47,860270,1000000),
(48,1233794,1000000),
(49,1142165,1000000),
(50,1266103,1000000),
(51,1243968,1000000),
(52,1112522,1000000),
(53,1252651,1000000),
(54,997836,1000000),
(55,1176692,1000000),
(56,1007347,1000000),
(57,1207154,1000000),
(58,1286162,1000000),
(59,1101953,1000000),
(60,822868,1000000),
(61,846616,1000000),
(62,1081866,1000000),
(63,888795,1000000),
(64,989583,1000000),
(65,966036,1000000),
(66,803747,1000000),
(67,1136201,1000000),
(68,902619,1000000),
(69,835802,1000000),
(70,803398,1000000),
(71,858700,1000000),
(72,901001,1000000),
(73,844774,1000000),
(74,852063,1000000),
(75,1155952,1000000),
(76,838558,1000000),
(77,885401,1000000),
(78,967913,1000000),
(79,1103663,1000000),
(80,1245328,1000000),
(81,806205,1000000),
(82,995043,1000000),
(83,1146532,1000000),
(84,895100,1000000),
(85,1096160,1000000),
(86,1254705,1000000),
(87,1091491,1000000),
(88,918057,1000000),
(89,897121,1000000),
(90,872198,1000000),
(91,1207656,1000000),
(92,1086782,1000000),
(93,1196170,1000000),
(94,826390,1000000),
(95,1048138,1000000),
(96,977179,1000000),
(97,1254167,1000000),
(98,1079513,1000000),
(99,1215099,1000000),
(100,1297749,1000000),
(101,1218818,1000000),
(102,1112938,1000000),
(103,1109305,1000000),
(104,849781,1000000),
(105,936591,1000000),
(106,934370,1000000),
(107,1115902,1000000),
(108,1169342,1000000),
(109,1027236,1000000),
(110,1074939,1000000),
(111,1237534,1000000),
(112,856935,1000000),
(113,1044187,1000000),
(114,1028661,1000000),
(115,1220452,1000000),
(116,811622,1000000),
(117,870096,1000000),
(118,883582,1000000),
(119,1045199,1000000),
(120,932972,1000000),
(121,1107680,1000000),
(122,863527,1000000),
(123,1004017,1000000),
(124,1212644,1000000),
(125,1118533,1000000),
(126,1161124,1000000),
(127,870197,1000000),
(128,1241265,1000000),
(129,981737,1000000),
(130,993228,1000000),
(131,1146841,1000000),
(132,1146895,1000000),
(133,1286311,1000000),
(134,1114453,1000000),
(135,1291197,1000000),
(136,1235126,1000000),
(137,968662,1000000),
(138,1171986,1000000),
(139,1161088,1000000),
(140,821362,1000000),
(141,1195914,1000000),
(142,1253638,1000000),
(143,1085496,1000000),
(144,1166692,1000000),
(145,1126529,1000000),
(146,1243139,1000000),
(147,1235197,1000000),
(148,1002789,1000000),
(149,1138021,1000000),
(150,1000044,1000000);

-- ============================================================
-- SEED DATA: Holdings
-- ============================================================
INSERT INTO holdings (portfolio_id, stock_symbol, quantity, average_buy_price) VALUES
(1,'SYS',450,362.18),
(1,'PPL',4150,78.92),
(1,'NML',4020,107.52),
(1,'PTC',250,7.56),
(2,'ENGRO',3070,276.56),
(2,'PTC',4410,8.07),
(3,'NML',2700,110.88),
(3,'DGKC',2550,58.22),
(3,'OGDC',4990,80.78),
(4,'INDU',2250,1285),
(4,'ENGRO',4110,238.96),
(5,'SYS',300,386.06),
(5,'PTC',2620,8.41),
(5,'NML',4360,95.2),
(5,'DGKC',3900,71.92),
(6,'ENGRO',1360,281.92),
(6,'SYS',1210,350.24),
(6,'TRG',3550,89.46),
(6,'HBL',3070,128.02),
(7,'OGDC',650,79.88),
(7,'FFC',1260,115.83),
(8,'TRG',1570,96.28),
(8,'SYS',4360,409.94),
(9,'PTC',4870,7.22),
(9,'DGKC',2280,71.92),
(9,'SEARL',3320,274.4),
(10,'EFERT',420,55.5),
(10,'SEARL',3710,252.35),
(10,'ENGRO',4980,271.18),
(11,'SYS',3710,358.2),
(11,'SEARL',2270,271.95),
(11,'UBL',4910,153.55),
(12,'MEBL',450,136.86),
(12,'EFERT',2940,60.73),
(12,'HUBC',500,89.95),
(13,'PPL',2760,65.16),
(13,'UBL',4090,129.15),
(13,'FFC',4060,92.01),
(13,'PSO',2340,170.17),
(14,'PPL',4120,62.99),
(14,'DGKC',1170,60.28),
(14,'BAHL',970,66.39),
(15,'SEARL',1150,279.3),
(15,'DGKC',600,62.33),
(15,'UBL',130,157.85),
(15,'LUCK',3950,412.25),
(16,'BAHL',3980,64.62),
(16,'FFC',790,103.92),
(16,'NML',2440,113.12),
(16,'SYS',4520,433.82),
(17,'EFERT',2880,63.99),
(17,'BAHL',1510,60.51),
(18,'BAHL',3360,65.8),
(18,'HUBC',4280,88.37),
(19,'PPL',460,70.23),
(19,'SEARL',4740,259.7),
(19,'PSO',4410,170.17),
(19,'LUCK',4120,523.8),
(20,'BAHL',1220,58.16),
(20,'MCB',4910,188.68),
(20,'UBL',1400,139.2),
(20,'HUBC',660,72.59),
(21,'UBL',2630,162.15),
(21,'PTC',3950,9.18),
(21,'PSO',2630,172.13),
(21,'BAHL',930,51.7),
(22,'ENGRO',4620,298.03),
(22,'UBL',2540,150.68),
(22,'HUBC',3300,78.9),
(22,'LUCK',4590,436.5),
(23,'SYS',3280,413.92),
(23,'TRG',1040,74.98),
(24,'EFERT',4000,69.87),
(24,'SEARL',2170,245),
(24,'UBL',1950,147.8),
(25,'MCB',3340,174.44),
(25,'EFERT',3080,73.14),
(26,'ENGRO',360,281.92),
(26,'SEARL',2170,259.7),
(26,'PPL',1920,68.78),
(26,'UBL',990,163.59),
(27,'FFC',4660,103.92),
(27,'MEBL',1280,138.32),
(27,'EFERT',4280,68.56),
(28,'MCB',3530,188.68),
(28,'MEBL',4070,160.16),
(28,'UBL',1570,154.98),
(28,'PPL',280,65.16),
(29,'ENGRO',2270,289.98),
(29,'TRG',3830,93.72),
(29,'PSO',4170,191.69),
(29,'MEBL',3350,161.62),
(30,'MEBL',4330,133.95),
(30,'ENGRO',4270,287.3),
(30,'LUCK',2160,533.5),
(31,'PSO',2200,193.64),
(31,'EFERT',3520,56.16),
(31,'ENGRO',1330,257.76),
(31,'DGKC',3840,69.87),
(32,'LUCK',130,455.9),
(32,'PSO',810,207.34),
(32,'PTC',630,9.52),
(32,'ENGRO',4220,300.72),
(33,'MEBL',860,155.79),
(33,'ENGRO',190,306.09),
(33,'INDU',3170,1323.55),
(33,'UBL',1690,133.45),
(34,'FFC',1970,113.66),
(34,'SEARL',4390,218.05),
(35,'SYS',1700,378.1),
(35,'EFERT',2060,69.87),
(36,'FFC',3470,109.33),
(36,'SEARL',3640,249.9),
(37,'UBL',3310,121.98),
(37,'MEBL',750,135.41),
(37,'HUBC',1540,87.58),
(38,'PTC',1600,9.69),
(38,'UBL',4240,124.84),
(39,'NML',320,99.68),
(39,'PSO',1220,172.13),
(39,'ENGRO',3180,287.3),
(40,'INDU',650,1464.9),
(40,'SEARL',1690,242.55),
(40,'UBL',1240,153.55),
(41,'HBL',3830,105.56),
(41,'LUCK',3550,518.95),
(41,'HUBC',2970,86),
(41,'UBL',4020,129.15),
(42,'HUBC',4650,72.59),
(42,'PSO',960,219.07),
(42,'UBL',4370,133.45),
(43,'EFERT',1570,66.61),
(43,'UBL',3500,132.02),
(44,'PSO',350,215.16),
(44,'PPL',4750,65.16),
(45,'HBL',2050,99.95),
(45,'ENGRO',2550,247.02),
(45,'SEARL',2430,218.05),
(45,'MCB',3710,172.66),
(46,'INDU',2630,1272.15),
(46,'FFC',770,121.24),
(46,'PTC',1750,8.67),
(47,'LUCK',2890,441.35),
(47,'PSO',3200,219.07),
(47,'UBL',1660,130.58),
(47,'SEARL',790,245),
(48,'INDU',2900,1362.1),
(48,'HUBC',110,71.8),
(48,'ENGRO',4820,247.02),
(49,'PTC',1150,8.24),
(49,'LUCK',790,543.2),
(49,'HUBC',2390,79.69),
(50,'EFERT',650,57.46),
(50,'SYS',4220,429.84),
(50,'BAHL',2970,58.16),
(50,'INDU',1460,1272.15),
(51,'PPL',2710,81.81),
(51,'UBL',2450,133.45),
(51,'HBL',2780,107.81),
(51,'INDU',4410,1272.15),
(52,'NML',2580,105.28),
(52,'EFERT',2560,58.77),
(52,'ENGRO',4620,236.28),
(53,'FFC',4630,102.84),
(53,'SEARL',3120,276.85),
(53,'PTC',2380,9.01),
(53,'NML',460,118.72),
(54,'MCB',2480,170.88),
(54,'INDU',2340,1285),
(54,'PPL',350,81.81),
(54,'OGDC',1400,83.47),
(55,'FFC',4960,123.4),
(55,'PTC',3000,9.26),
(56,'UBL',2090,133.45),
(56,'HBL',1120,113.42),
(56,'INDU',2700,1272.15),
(56,'PPL',4580,76.74),
(57,'HBL',1690,107.81),
(57,'FFC',2410,116.91),
(57,'BAHL',4130,63.45),
(58,'INDU',2870,1246.45),
(58,'LUCK',1010,543.2),
(59,'PSO',1530,201.47),
(59,'HUBC',4150,82.85),
(60,'UBL',4510,124.84),
(60,'HBL',1570,110.05),
(60,'EFERT',130,64.65),
(61,'SEARL',2710,230.3),
(61,'MEBL',920,157.25),
(61,'PPL',2040,80.36),
(61,'LUCK',4060,412.25),
(62,'NML',860,103.04),
(62,'PSO',410,187.78),
(63,'TRG',2690,80.94),
(63,'LUCK',1850,455.9),
(63,'PTC',3480,9.18),
(64,'SYS',3940,429.84),
(64,'PTC',220,7.9),
(64,'LUCK',4700,499.55),
(64,'ENGRO',2860,273.87),
(65,'UBL',2820,142.06),
(65,'SEARL',1090,259.7),
(65,'PTC',3370,9.01),
(66,'PPL',920,61.54),
(66,'HBL',3650,124.65),
(67,'ENGRO',3270,233.6),
(67,'NML',2520,114.24),
(67,'PTC',4000,7.9),
(68,'MEBL',4040,131.04),
(68,'MCB',760,178),
(68,'SEARL',4700,237.65),
(68,'DGKC',960,63.7),
(69,'DGKC',3650,70.56),
(69,'INDU',1200,1259.3),
(69,'SEARL',4150,232.75),
(70,'HBL',3110,124.65),
(70,'ENGRO',220,295.35),
(71,'LUCK',780,480.15),
(71,'MCB',1160,153.08),
(71,'NML',2880,99.68),
(72,'NML',3770,124.32),
(72,'LUCK',3090,499.55),
(73,'ENGRO',2900,281.92),
(73,'PSO',2410,172.13),
(73,'PTC',1960,9.6),
(74,'LUCK',1230,548.05),
(74,'SYS',4450,338.3),
(74,'FFC',3970,120.16),
(74,'PTC',3790,7.4),
(75,'INDU',4040,1117.95),
(75,'FFC',4090,100.67),
(75,'MCB',160,197.58),
(76,'HUBC',4510,77.32),
(76,'BAHL',2660,58.75),
(76,'PTC',2180,9.18),
(76,'INDU',270,1130.8),
(77,'EFERT',1550,58.12),
(77,'PSO',1450,168.22),
(77,'ENGRO',3740,303.4),
(78,'FFC',2460,103.92),
(78,'OGDC',2680,94.24),
(78,'PTC',2010,8.76),
(78,'BAHL',2670,51.11),
(79,'EFERT',1400,69.87),
(79,'UBL',320,146.37),
(79,'INDU',4950,1272.15),
(79,'FFC',3090,117.99),
(80,'ENGRO',3030,238.96),
(80,'BAHL',3840,62.86),
(80,'SEARL',2030,267.05),
(80,'HBL',760,97.7),
(81,'EFERT',410,59.42),
(81,'HBL',1960,126.9),
(82,'MEBL',4510,147.06),
(82,'SEARL',4390,225.4),
(83,'NML',2780,98.56),
(83,'HBL',4800,121.28),
(83,'EFERT',2480,63.99),
(84,'OGDC',3700,93.34),
(84,'PPL',2610,65.16),
(84,'FFC',2680,113.66),
(84,'PSO',2070,185.82),
(85,'INDU',540,1169.35),
(85,'PPL',3710,79.64),
(85,'SYS',1040,401.98),
(86,'SYS',360,358.2),
(86,'DGKC',2840,73.98),
(87,'MCB',2850,153.08),
(87,'MEBL',2810,149.97),
(87,'PSO',4940,172.13),
(87,'OGDC',720,102.32),
(88,'LUCK',2100,465.6),
(88,'FFC',4640,117.99),
(88,'HBL',3520,124.65),
(88,'PSO',770,213.2),
(89,'NML',3710,108.64),
(89,'SEARL',1610,274.4),
(89,'PPL',810,68.06),
(90,'UBL',3350,143.5),
(90,'SYS',1660,350.24),
(90,'EFERT',3230,64.65),
(90,'HUBC',2850,71.8),
(91,'SYS',740,429.84),
(91,'DGKC',540,61.65),
(92,'PSO',620,221.03),
(92,'MEBL',2100,129.58),
(92,'BAHL',1490,59.92),
(92,'INDU',4050,1182.2),
(93,'FFC',3470,105),
(93,'MEBL',2320,157.25),
(93,'BAHL',1580,54.05),
(94,'EFERT',3550,62.69),
(94,'OGDC',800,88.85),
(94,'MEBL',1380,129.58),
(95,'PSO',1650,221.03),
(95,'SYS',2640,342.28),
(96,'TRG',4050,86.05),
(96,'OGDC',760,85.26),
(96,'BAHL',1930,52.29),
(96,'HUBC',2810,68.64),
(97,'MCB',3690,170.88),
(97,'ENGRO',420,287.3),
(97,'PTC',4340,9.6),
(97,'PSO',4580,199.51),
(98,'DGKC',3520,74.66),
(98,'SYS',250,350.24),
(98,'SEARL',1900,225.4),
(98,'PSO',4220,181.91),
(99,'LUCK',3230,436.5),
(99,'OGDC',4570,95.14),
(99,'HBL',3070,95.46),
(100,'INDU',2930,1156.5),
(100,'UBL',4830,156.42),
(100,'BAHL',1920,64.04),
(101,'SEARL',3710,259.7),
(101,'PSO',2490,183.86),
(102,'SYS',4450,421.88),
(102,'PTC',1940,7.65),
(102,'TRG',1430,93.72),
(103,'NML',2580,109.76),
(103,'LUCK',340,431.65),
(103,'SYS',1110,350.24),
(104,'LUCK',4400,543.2),
(104,'TRG',170,92.87),
(104,'MEBL',2760,164.53),
(104,'PPL',3890,67.33),
(105,'NML',1080,122.08),
(105,'FFC',2040,100.67),
(105,'EFERT',1590,71.18),
(106,'LUCK',580,485),
(106,'SEARL',1580,222.95),
(106,'INDU',3420,1310.7),
(107,'UBL',2560,123.41),
(107,'SEARL',2790,274.4),
(107,'HBL',490,105.56),
(107,'PSO',1890,170.17),
(108,'MEBL',180,160.16),
(108,'UBL',2480,140.63),
(108,'MCB',3470,153.08),
(108,'PSO',4580,187.78),
(109,'ENGRO',2000,260.44),
(109,'FFC',3140,112.58),
(110,'HBL',3770,119.04),
(110,'FFC',630,105),
(110,'PPL',510,65.16),
(111,'HUBC',2030,71.8),
(111,'DGKC',1800,69.87),
(111,'SEARL',1470,230.3),
(111,'SYS',1630,350.24),
(112,'SYS',3460,421.88),
(112,'MCB',2810,188.68),
(112,'LUCK',2550,533.5),
(112,'HBL',3010,110.05),
(113,'UBL',3120,129.15),
(113,'ENGRO',1180,241.65),
(113,'PPL',2160,61.54),
(113,'FFC',4140,92.01),
(114,'BAHL',2560,55.81),
(114,'SYS',3960,366.16),
(114,'HBL',1480,104.44),
(115,'BAHL',630,58.75),
(115,'PPL',3240,68.06),
(115,'OGDC',3520,90.65),
(115,'TRG',1540,93.72),
(116,'PTC',1120,7.99),
(116,'EFERT',3520,58.77),
(117,'FFC',1710,97.42),
(117,'TRG',2670,81.79),
(117,'OGDC',2010,85.26),
(118,'ENGRO',3560,292.66),
(118,'PTC',2290,8.5),
(119,'UBL',880,140.63),
(119,'HBL',940,104.44),
(119,'PSO',4030,178),
(119,'OGDC',1290,87.96),
(120,'TRG',2450,91.16),
(120,'MEBL',2910,154.34),
(120,'UBL',230,163.59),
(121,'ENGRO',1140,276.56),
(121,'TRG',3820,81.79),
(121,'NML',3040,100.8),
(122,'DGKC',400,62.33),
(122,'FFC',4130,123.4),
(122,'OGDC',1860,81.67),
(123,'PSO',670,183.86),
(123,'MCB',3740,167.32),
(124,'INDU',1660,1220.75),
(124,'LUCK',2980,552.9),
(124,'EFERT',2240,56.81),
(124,'MEBL',1260,148.51),
(125,'TRG',2580,90.31),
(125,'INDU',4620,1130.8),
(125,'MEBL',690,160.16),
(126,'HUBC',2910,83.63),
(126,'OGDC',1890,96.93),
(127,'MCB',1080,197.58),
(127,'HUBC',4040,87.58),
(128,'SEARL',2040,242.55),
(128,'TRG',3970,87.76),
(128,'UBL',4260,140.63),
(129,'PPL',4960,79.64),
(129,'HBL',4950,115.67),
(130,'ENGRO',3560,300.72),
(130,'FFC',3280,108.25),
(130,'SYS',4850,378.1),
(131,'PTC',4450,7.22),
(131,'INDU',1990,1400.65),
(131,'EFERT',3660,61.38),
(131,'MEBL',1670,154.34),
(132,'NML',830,126.56),
(132,'HBL',1120,104.44),
(132,'SYS',4310,382.08),
(133,'FFC',2440,108.25),
(133,'BAHL',690,65.8),
(133,'NML',4320,120.96),
(133,'OGDC',3700,96.03),
(134,'PSO',3130,213.2),
(134,'HBL',2130,111.18),
(134,'EFERT',2270,65.3),
(134,'OGDC',1960,78.08),
(135,'TRG',1750,77.53),
(135,'HBL',270,95.46),
(135,'ENGRO',2020,303.4),
(136,'FFC',2030,120.16),
(136,'PSO',2700,168.22),
(137,'PTC',3230,8.5),
(137,'HUBC',4070,69.43),
(137,'EFERT',4360,74.44),
(138,'OGDC',2050,93.34),
(138,'BAHL',4700,52.88),
(138,'EFERT',180,61.38),
(139,'NML',3820,105.28),
(139,'ENGRO',4400,230.91),
(139,'SYS',4240,394.02),
(140,'HBL',2670,101.07),
(140,'NML',1100,116.48),
(141,'FFC',4610,110.42),
(141,'SEARL',960,279.3),
(141,'NML',1910,101.92),
(141,'UBL',4540,132.02),
(142,'ENGRO',1000,279.24),
(142,'BAHL',2110,52.88),
(143,'SYS',4590,366.16),
(143,'NML',4530,124.32),
(143,'OGDC',740,97.83),
(143,'UBL',3310,142.06),
(144,'OGDC',2110,82.57),
(144,'BAHL',1800,52.29),
(144,'DGKC',4590,73.3),
(144,'UBL',3350,153.55),
(145,'TRG',3850,83.5),
(145,'PSO',4500,181.91),
(145,'MCB',1820,195.8),
(146,'UBL',4410,150.68),
(146,'HUBC',1600,72.59),
(147,'HBL',1790,111.18),
(147,'FFC',4440,121.24),
(147,'DGKC',3750,61.65),
(148,'DGKC',4350,59.6),
(148,'EFERT',2180,73.79),
(148,'UBL',2610,149.24),
(148,'PSO',2800,168.22),
(149,'HUBC',1360,74.17),
(149,'PTC',1280,8.76),
(149,'SYS',3890,382.08),
(149,'MCB',630,153.08),
(150,'TRG',1510,95.42),
(150,'INDU',2160,1439.2),
(150,'PPL',4330,69.5),
(150,'UBL',4410,152.11);

-- ============================================================
-- SEED DATA: Trade History
-- ============================================================
INSERT INTO trade_history (user_id, stock_symbol, action, quantity, execution_price, trade_timestamp) VALUES
(1,'INDU','BUY',310,1220.75,'2026-04-23 13:19:00'),
(1,'EFERT','SELL',1430,62.04,'2026-04-17 13:23:00'),
(2,'OGDC','BUY',160,90.65,'2026-02-04 13:12:00'),
(2,'NML','BUY',1660,105.28,'2026-02-13 15:12:00'),
(2,'ENGRO','SELL',1170,252.39,'2026-02-20 13:42:00'),
(3,'SEARL','BUY',930,227.85,'2026-03-22 13:48:00'),
(3,'SYS','BUY',780,390.04,'2026-04-08 12:00:00'),
(3,'LUCK','SELL',1960,509.25,'2026-02-14 11:10:00'),
(3,'DGKC','SELL',530,65.08,'2026-03-14 15:38:00'),
(4,'PPL','SELL',1800,65.88,'2026-04-17 09:32:00'),
(4,'EFERT','BUY',1330,71.18,'2026-04-14 13:09:00'),
(4,'BAHL','BUY',1120,54.05,'2026-04-24 14:40:00'),
(5,'PSO','SELL',550,185.82,'2026-02-22 14:06:00'),
(5,'LUCK','BUY',1960,485,'2026-02-13 12:55:00'),
(5,'PSO','SELL',190,189.73,'2026-02-25 09:03:00'),
(5,'TRG','BUY',1900,79.24,'2026-03-08 11:08:00'),
(5,'INDU','BUY',560,1195.05,'2026-04-13 15:50:00'),
(6,'SEARL','SELL',1910,227.85,'2026-04-26 10:31:00'),
(6,'INDU','BUY',1230,1233.6,'2026-02-24 15:19:00'),
(6,'EFERT','BUY',1330,61.38,'2026-03-15 10:26:00'),
(6,'INDU','SELL',210,1310.7,'2026-02-13 14:33:00'),
(6,'PTC','SELL',750,7.99,'2026-04-18 12:22:00'),
(7,'PTC','BUY',700,7.74,'2026-04-16 09:20:00'),
(7,'UBL','BUY',100,139.2,'2026-02-03 14:23:00'),
(7,'PSO','BUY',1820,199.51,'2026-02-23 12:03:00'),
(8,'ENGRO','BUY',1000,281.92,'2026-03-23 11:13:00'),
(8,'SYS','SELL',1000,401.98,'2026-04-19 09:12:00'),
(8,'EFERT','BUY',650,70.52,'2026-04-28 15:47:00'),
(8,'SYS','BUY',1970,405.96,'2026-02-24 10:46:00'),
(8,'TRG','SELL',220,82.64,'2026-04-20 09:23:00'),
(9,'HBL','SELL',1040,110.05,'2026-02-01 10:22:00'),
(9,'SEARL','SELL',1230,242.55,'2026-03-25 09:57:00'),
(9,'DGKC','BUY',1620,73.3,'2026-04-09 12:12:00'),
(9,'SEARL','SELL',1340,252.35,'2026-02-17 14:36:00'),
(10,'LUCK','BUY',1930,465.6,'2026-03-04 09:45:00'),
(10,'DGKC','SELL',1680,63.71,'2026-04-20 12:20:00'),
(11,'SYS','BUY',210,398,'2026-04-14 15:40:00'),
(11,'MCB','SELL',180,194.02,'2026-02-04 11:46:00'),
(11,'HBL','BUY',710,110.05,'2026-03-22 13:26:00'),
(12,'FFC','SELL',1410,100.67,'2026-03-17 10:26:00'),
(12,'PSO','BUY',1180,209.29,'2026-02-28 10:43:00'),
(12,'BAHL','SELL',600,62.28,'2026-02-20 10:27:00'),
(12,'PSO','BUY',1330,203.42,'2026-04-03 11:41:00'),
(12,'PSO','BUY',990,191.69,'2026-04-24 10:55:00'),
(13,'MEBL','BUY',370,157.25,'2026-03-21 14:55:00'),
(13,'INDU','SELL',1040,1259.3,'2026-03-07 10:13:00'),
(13,'MCB','BUY',1680,160.2,'2026-02-06 10:15:00'),
(13,'PSO','SELL',660,201.47,'2026-03-14 12:13:00'),
(14,'INDU','SELL',100,1387.8,'2026-02-06 10:16:00'),
(14,'UBL','SELL',1120,150.68,'2026-03-08 11:22:00'),
(14,'PSO','BUY',1350,178,'2026-03-14 14:55:00'),
(15,'OGDC','BUY',1790,92.44,'2026-03-08 11:12:00'),
(15,'MEBL','BUY',1750,149.97,'2026-03-18 11:07:00'),
(16,'SEARL','BUY',1070,245,'2026-03-07 12:18:00'),
(16,'PPL','BUY',290,69.5,'2026-03-04 11:03:00'),
(16,'LUCK','BUY',620,494.7,'2026-03-08 09:21:00'),
(17,'FFC','SELL',1180,108.25,'2026-03-01 13:44:00'),
(17,'PPL','BUY',570,68.06,'2026-03-07 14:40:00'),
(17,'SEARL','BUY',1010,259.7,'2026-03-23 13:18:00'),
(17,'LUCK','BUY',1080,436.5,'2026-02-05 09:49:00'),
(17,'FFC','BUY',610,102.84,'2026-02-06 10:30:00'),
(18,'SYS','SELL',1760,386.06,'2026-04-28 15:01:00'),
(18,'OGDC','SELL',1360,83.47,'2026-02-15 11:00:00'),
(19,'PSO','BUY',1350,201.47,'2026-04-01 10:58:00'),
(19,'BAHL','SELL',1060,59.92,'2026-04-11 12:11:00'),
(19,'INDU','BUY',1210,1374.95,'2026-04-19 15:49:00'),
(19,'HBL','BUY',1930,107.81,'2026-03-16 11:21:00'),
(19,'INDU','SELL',830,1272.15,'2026-04-09 09:22:00'),
(20,'UBL','BUY',340,137.76,'2026-04-06 11:17:00'),
(20,'HBL','SELL',190,119.04,'2026-02-26 11:18:00'),
(20,'PTC','SELL',100,9.18,'2026-03-17 15:11:00'),
(20,'NML','SELL',370,115.36,'2026-03-03 12:01:00'),
(20,'TRG','SELL',690,87.76,'2026-03-12 11:07:00'),
(21,'DGKC','BUY',690,73.98,'2026-04-25 12:03:00'),
(21,'SEARL','SELL',1000,225.4,'2026-02-04 15:47:00'),
(22,'ENGRO','BUY',600,276.56,'2026-04-26 11:31:00'),
(22,'UBL','SELL',160,146.37,'2026-03-29 15:52:00'),
(22,'UBL','BUY',120,150.68,'2026-04-30 09:27:00'),
(23,'MEBL','SELL',640,154.34,'2026-04-12 10:34:00'),
(23,'TRG','SELL',630,86.9,'2026-04-09 14:47:00'),
(23,'SYS','BUY',1510,358.2,'2026-02-12 09:13:00'),
(24,'PPL','BUY',60,70.95,'2026-03-03 10:56:00'),
(24,'FFC','BUY',830,99.59,'2026-02-02 12:20:00'),
(24,'OGDC','BUY',1660,83.47,'2026-02-08 12:25:00'),
(24,'SEARL','BUY',1570,242.55,'2026-03-23 09:46:00'),
(24,'DGKC','SELL',1600,65.76,'2026-03-26 15:09:00'),
(25,'UBL','BUY',1650,137.76,'2026-04-02 09:09:00'),
(25,'PSO','SELL',770,191.69,'2026-02-12 15:14:00'),
(26,'HBL','BUY',770,122.41,'2026-02-04 15:27:00'),
(26,'PPL','SELL',90,70.23,'2026-04-07 09:51:00'),
(26,'PSO','SELL',420,189.73,'2026-03-29 10:20:00'),
(27,'BAHL','BUY',850,61.1,'2026-03-01 11:14:00'),
(27,'ENGRO','BUY',160,257.76,'2026-03-03 11:08:00'),
(27,'LUCK','SELL',970,523.8,'2026-02-08 14:35:00'),
(28,'HBL','SELL',1170,114.55,'2026-03-14 12:57:00'),
(28,'PSO','SELL',600,176.04,'2026-04-13 10:28:00'),
(28,'NML','BUY',740,100.8,'2026-02-02 09:55:00'),
(28,'ENGRO','SELL',1780,263.13,'2026-03-22 11:38:00'),
(28,'HUBC','SELL',1830,71.01,'2026-04-26 11:10:00'),
(29,'PSO','BUY',540,211.25,'2026-02-23 13:02:00'),
(29,'BAHL','BUY',1830,62.28,'2026-02-17 15:09:00'),
(29,'TRG','BUY',830,82.64,'2026-04-21 14:51:00'),
(29,'BAHL','BUY',1930,62.86,'2026-04-15 11:21:00'),
(29,'MCB','BUY',500,169.1,'2026-03-29 11:51:00'),
(30,'BAHL','BUY',1900,59.34,'2026-02-26 10:07:00'),
(30,'MCB','SELL',1810,163.76,'2026-03-17 09:01:00'),
(30,'INDU','BUY',1790,1297.85,'2026-03-21 11:46:00'),
(30,'MCB','BUY',70,167.32,'2026-03-25 12:44:00'),
(31,'FFC','BUY',1760,108.25,'2026-04-15 12:14:00'),
(31,'PPL','SELL',1730,77.47,'2026-03-12 09:11:00'),
(31,'LUCK','SELL',900,523.8,'2026-02-25 13:14:00'),
(31,'HUBC','BUY',460,77.32,'2026-03-07 13:51:00'),
(31,'UBL','SELL',690,152.11,'2026-04-11 13:03:00'),
(32,'NML','SELL',1890,122.08,'2026-04-06 09:57:00'),
(32,'MEBL','BUY',1830,158.7,'2026-02-03 10:39:00'),
(33,'SEARL','SELL',970,247.45,'2026-03-21 09:37:00'),
(33,'FFC','BUY',330,117.99,'2026-02-22 09:11:00'),
(33,'ENGRO','BUY',1920,276.56,'2026-03-06 12:07:00'),
(33,'EFERT','BUY',1850,61.38,'2026-04-23 10:42:00'),
(34,'ENGRO','SELL',1750,247.02,'2026-03-28 09:01:00'),
(34,'PSO','BUY',1390,176.04,'2026-03-02 10:50:00'),
(34,'OGDC','BUY',990,80.78,'2026-02-16 14:57:00'),
(34,'DGKC','BUY',1360,65.76,'2026-03-12 11:58:00'),
(34,'ENGRO','SELL',1240,265.82,'2026-04-11 11:45:00'),
(35,'PSO','SELL',170,189.73,'2026-02-08 14:43:00'),
(35,'PTC','SELL',1890,8.08,'2026-04-30 14:12:00'),
(35,'OGDC','BUY',240,86.16,'2026-04-22 12:07:00'),
(35,'FFC','BUY',1630,99.59,'2026-03-16 11:25:00'),
(35,'HUBC','BUY',970,71.01,'2026-03-26 14:03:00'),
(36,'ENGRO','BUY',1630,252.39,'2026-04-03 13:05:00'),
(36,'SYS','SELL',1450,401.98,'2026-04-27 09:47:00'),
(36,'FFC','SELL',580,107.17,'2026-03-19 14:54:00'),
(36,'PSO','BUY',200,178,'2026-03-19 14:35:00'),
(37,'PSO','SELL',950,193.64,'2026-04-13 12:02:00'),
(37,'DGKC','BUY',780,63.02,'2026-02-13 10:58:00'),
(38,'LUCK','SELL',310,509.25,'2026-04-14 13:29:00'),
(38,'MCB','BUY',460,163.76,'2026-02-02 12:53:00'),
(39,'UBL','BUY',1160,147.8,'2026-04-27 15:30:00'),
(39,'LUCK','BUY',150,499.55,'2026-04-08 12:09:00'),
(40,'LUCK','SELL',1190,470.45,'2026-03-19 10:39:00'),
(40,'FFC','BUY',660,117.99,'2026-03-21 10:45:00'),
(41,'BAHL','SELL',530,58.16,'2026-02-25 11:01:00'),
(41,'MEBL','BUY',1430,139.78,'2026-03-02 11:09:00'),
(41,'UBL','BUY',710,156.42,'2026-04-07 10:49:00'),
(41,'FFC','BUY',860,105,'2026-04-12 15:07:00'),
(41,'SYS','SELL',910,421.88,'2026-04-25 10:02:00'),
(42,'MCB','SELL',1820,169.1,'2026-04-22 12:32:00'),
(42,'DGKC','BUY',700,71.24,'2026-04-04 12:50:00'),
(42,'BAHL','BUY',1930,55.22,'2026-02-08 14:19:00'),
(42,'FFC','BUY',400,107.17,'2026-04-28 09:19:00'),
(42,'PPL','BUY',1610,65.16,'2026-04-18 14:20:00'),
(43,'PSO','SELL',1420,205.38,'2026-03-04 11:14:00'),
(43,'UBL','BUY',340,129.15,'2026-04-20 11:09:00'),
(43,'INDU','SELL',930,1207.9,'2026-03-06 12:53:00'),
(43,'OGDC','BUY',550,97.83,'2026-03-18 12:57:00'),
(43,'OGDC','BUY',790,93.34,'2026-02-17 11:52:00'),
(44,'MCB','SELL',1420,194.02,'2026-03-13 14:12:00'),
(44,'ENGRO','SELL',1550,292.67,'2026-02-02 13:58:00'),
(44,'MCB','BUY',820,190.46,'2026-04-18 12:35:00'),
(44,'TRG','BUY',890,91.16,'2026-03-01 11:49:00'),
(44,'NML','SELL',1320,116.48,'2026-02-12 09:50:00'),
(45,'UBL','SELL',1100,150.68,'2026-04-10 13:43:00'),
(45,'INDU','BUY',1630,1310.7,'2026-04-05 12:55:00'),
(45,'INDU','BUY',1730,1259.3,'2026-03-18 15:38:00'),
(46,'HUBC','SELL',160,78.11,'2026-03-13 13:01:00'),
(46,'LUCK','BUY',130,514.1,'2026-02-05 09:33:00'),
(46,'HBL','SELL',220,122.41,'2026-02-16 11:08:00'),
(46,'NML','SELL',1430,104.16,'2026-02-20 10:02:00'),
(46,'TRG','BUY',830,77.53,'2026-02-13 13:34:00'),
(47,'ENGRO','SELL',500,287.3,'2026-02-20 13:18:00'),
(47,'EFERT','BUY',720,58.77,'2026-02-07 14:10:00'),
(47,'BAHL','SELL',1860,55.81,'2026-03-31 11:55:00'),
(47,'INDU','SELL',1510,1297.85,'2026-03-13 09:17:00'),
(47,'UBL','SELL',1360,136.33,'2026-04-14 15:49:00'),
(48,'ENGRO','SELL',1550,271.18,'2026-04-12 12:49:00'),
(48,'HBL','BUY',440,106.68,'2026-02-03 13:52:00'),
(49,'FFC','BUY',1630,106.08,'2026-03-19 12:48:00'),
(49,'HUBC','BUY',1590,83.63,'2026-02-10 14:08:00'),
(49,'PPL','BUY',1370,78.92,'2026-02-08 11:22:00'),
(49,'SYS','BUY',430,433.82,'2026-04-15 10:14:00'),
(49,'PPL','SELL',100,66.61,'2026-03-06 13:04:00'),
(50,'FFC','BUY',410,108.25,'2026-03-18 12:29:00'),
(50,'TRG','SELL',1760,78.38,'2026-04-26 10:14:00'),
(50,'FFC','SELL',150,108.25,'2026-03-26 12:38:00'),
(50,'PTC','SELL',650,9.18,'2026-02-15 11:56:00'),
(51,'MCB','SELL',1490,188.68,'2026-02-01 09:42:00'),
(51,'ENGRO','SELL',790,247.02,'2026-02-07 14:07:00'),
(51,'INDU','BUY',1430,1182.2,'2026-02-27 14:12:00'),
(52,'INDU','SELL',1700,1156.5,'2026-04-07 10:07:00'),
(52,'PPL','BUY',450,78.19,'2026-02-07 14:57:00'),
(52,'SYS','BUY',730,398,'2026-04-22 09:58:00'),
(52,'ENGRO','SELL',1230,268.5,'2026-02-24 12:09:00'),
(53,'LUCK','BUY',1010,504.4,'2026-03-03 11:51:00'),
(53,'INDU','SELL',1700,1233.6,'2026-03-21 14:51:00'),
(53,'ENGRO','BUY',780,244.34,'2026-02-19 10:12:00'),
(53,'INDU','SELL',660,1323.55,'2026-03-15 10:31:00'),
(53,'FFC','BUY',860,114.74,'2026-03-12 14:37:00'),
(54,'TRG','BUY',810,84.35,'2026-03-05 10:16:00'),
(54,'PPL','BUY',1810,66.61,'2026-02-23 14:24:00'),
(54,'NML','BUY',1830,103.04,'2026-02-24 10:26:00'),
(55,'UBL','SELL',1210,144.94,'2026-03-23 11:57:00'),
(55,'NML','SELL',210,103.04,'2026-03-31 09:20:00'),
(55,'FFC','SELL',730,114.74,'2026-02-11 10:03:00'),
(55,'UBL','BUY',1140,140.63,'2026-02-25 13:44:00'),
(56,'FFC','BUY',810,97.42,'2026-04-08 12:32:00'),
(56,'INDU','BUY',960,1285,'2026-03-05 14:40:00'),
(56,'TRG','BUY',610,76.68,'2026-03-28 15:09:00'),
(56,'NML','SELL',910,104.16,'2026-02-09 13:39:00'),
(57,'PTC','SELL',970,8.16,'2026-03-25 09:45:00'),
(57,'HBL','SELL',760,110.05,'2026-03-05 10:57:00'),
(58,'PSO','SELL',1790,201.47,'2026-04-18 15:19:00'),
(58,'PSO','BUY',1850,176.04,'2026-02-02 09:47:00'),
(58,'OGDC','SELL',1570,96.03,'2026-03-15 12:11:00'),
(59,'TRG','BUY',550,80.09,'2026-04-11 15:13:00'),
(59,'PTC','SELL',300,8.76,'2026-02-09 09:16:00'),
(60,'HUBC','BUY',990,77.32,'2026-02-18 10:23:00'),
(60,'EFERT','SELL',970,61.38,'2026-03-15 14:10:00'),
(60,'BAHL','BUY',820,55.81,'2026-03-14 10:27:00'),
(60,'PPL','SELL',1190,78.19,'2026-04-15 10:15:00'),
(60,'HUBC','BUY',1320,85.21,'2026-04-16 11:58:00'),
(61,'LUCK','SELL',1170,441.35,'2026-02-05 12:48:00'),
(61,'UBL','BUY',90,146.37,'2026-03-16 11:47:00'),
(61,'SEARL','BUY',1220,240.1,'2026-03-11 13:32:00'),
(62,'HUBC','SELL',1940,74.17,'2026-02-21 13:14:00'),
(62,'FFC','SELL',270,116.91,'2026-03-01 11:48:00'),
(62,'FFC','BUY',360,107.17,'2026-04-18 11:50:00'),
(63,'OGDC','BUY',340,91.54,'2026-03-17 15:53:00'),
(63,'LUCK','SELL',1350,475.3,'2026-04-06 11:52:00'),
(63,'UBL','BUY',1360,142.06,'2026-03-13 13:23:00'),
(63,'LUCK','BUY',1050,470.45,'2026-02-08 14:17:00'),
(64,'BAHL','BUY',430,60.51,'2026-04-20 15:31:00'),
(64,'SYS','BUY',150,425.86,'2026-04-16 09:40:00'),
(64,'PPL','SELL',1730,68.78,'2026-02-17 09:35:00'),
(65,'MCB','SELL',1490,188.68,'2026-02-12 10:31:00'),
(65,'EFERT','BUY',130,60.73,'2026-02-07 12:26:00'),
(66,'MEBL','BUY',1420,149.97,'2026-03-05 13:16:00'),
(66,'PSO','SELL',1870,189.73,'2026-03-11 14:40:00'),
(66,'SYS','BUY',1070,374.12,'2026-04-11 13:54:00'),
(66,'NML','SELL',100,122.08,'2026-04-13 11:41:00'),
(67,'SEARL','SELL',1120,262.15,'2026-04-12 11:14:00'),
(67,'OGDC','BUY',940,96.03,'2026-04-23 13:46:00'),
(67,'SEARL','BUY',220,222.95,'2026-02-07 13:37:00'),
(68,'MEBL','BUY',1420,158.7,'2026-04-13 14:52:00'),
(68,'LUCK','SELL',1240,480.15,'2026-02-14 09:11:00'),
(68,'DGKC','BUY',830,64.39,'2026-04-15 11:47:00'),
(69,'PSO','BUY',1170,185.82,'2026-02-13 13:31:00'),
(69,'HUBC','BUY',1460,80.48,'2026-04-19 15:41:00'),
(69,'DGKC','BUY',620,71.92,'2026-03-06 13:52:00'),
(70,'OGDC','SELL',1600,93.34,'2026-03-13 10:54:00'),
(70,'PTC','BUY',1850,9.26,'2026-04-20 10:26:00'),
(70,'PTC','BUY',1660,8.24,'2026-02-11 09:14:00'),
(71,'OGDC','SELL',1560,86.16,'2026-03-21 12:53:00'),
(71,'PTC','SELL',1030,8.41,'2026-02-15 12:29:00'),
(71,'INDU','BUY',790,1195.05,'2026-03-22 12:25:00'),
(71,'LUCK','SELL',1300,436.5,'2026-02-09 13:30:00'),
(72,'OGDC','BUY',1740,90.65,'2026-03-18 14:43:00'),
(72,'MEBL','BUY',570,142.69,'2026-04-11 10:20:00'),
(72,'OGDC','BUY',550,84.36,'2026-02-06 15:25:00'),
(73,'SEARL','BUY',1350,249.9,'2026-03-11 15:16:00'),
(73,'PSO','BUY',1080,179.95,'2026-02-26 12:15:00'),
(73,'PSO','BUY',720,195.6,'2026-04-10 13:41:00'),
(73,'EFERT','BUY',490,65.95,'2026-03-16 15:27:00'),
(74,'HBL','BUY',1960,108.93,'2026-03-20 11:08:00'),
(74,'MEBL','BUY',1320,145.6,'2026-04-28 09:33:00'),
(74,'HBL','BUY',1280,114.55,'2026-02-08 11:41:00'),
(74,'TRG','BUY',1000,92.87,'2026-03-02 13:02:00'),
(74,'SEARL','SELL',990,252.35,'2026-04-20 11:27:00'),
(75,'OGDC','BUY',1590,81.67,'2026-02-22 13:13:00'),
(75,'FFC','BUY',1880,117.99,'2026-04-30 14:39:00'),
(75,'FFC','SELL',280,107.17,'2026-04-25 14:00:00'),
(76,'ENGRO','SELL',440,249.7,'2026-04-06 13:30:00'),
(76,'SYS','SELL',1950,401.98,'2026-04-30 11:13:00'),
(76,'BAHL','SELL',1020,60.51,'2026-04-24 11:10:00'),
(77,'HBL','SELL',1920,106.68,'2026-03-20 14:13:00'),
(77,'PPL','SELL',1120,71.68,'2026-04-27 13:18:00'),
(77,'PSO','BUY',850,189.73,'2026-04-07 11:28:00'),
(78,'PPL','BUY',660,72.4,'2026-02-24 09:06:00'),
(78,'PSO','BUY',620,195.6,'2026-02-05 09:24:00'),
(78,'ENGRO','SELL',1460,255.08,'2026-03-28 12:58:00'),
(78,'SYS','SELL',1240,429.84,'2026-02-27 11:02:00'),
(78,'PPL','BUY',1800,73.12,'2026-03-07 11:12:00'),
(79,'PSO','BUY',1960,193.64,'2026-04-07 13:07:00'),
(79,'NML','BUY',1310,113.12,'2026-02-19 10:26:00'),
(80,'EFERT','BUY',190,65.3,'2026-02-05 13:34:00'),
(80,'MEBL','BUY',1130,155.79,'2026-02-04 12:09:00'),
(80,'UBL','BUY',1660,136.33,'2026-04-03 09:39:00'),
(80,'MCB','BUY',1730,174.44,'2026-04-27 09:58:00'),
(80,'UBL','SELL',1400,152.11,'2026-04-03 11:17:00'),
(81,'SYS','BUY',1420,405.96,'2026-03-29 10:26:00'),
(81,'INDU','BUY',1880,1336.4,'2026-03-12 12:21:00'),
(81,'SEARL','BUY',750,247.45,'2026-04-01 15:40:00'),
(81,'TRG','BUY',150,76.68,'2026-03-07 13:16:00'),
(82,'HBL','SELL',960,111.18,'2026-04-13 12:13:00'),
(82,'DGKC','BUY',850,71.24,'2026-02-18 11:26:00'),
(83,'PPL','SELL',1430,69.5,'2026-03-04 10:24:00'),
(83,'INDU','BUY',1090,1374.95,'2026-04-22 09:52:00'),
(83,'SYS','SELL',210,386.06,'2026-04-29 13:04:00'),
(83,'PSO','SELL',1970,201.47,'2026-03-11 13:44:00'),
(84,'UBL','SELL',750,152.11,'2026-03-20 15:26:00'),
(84,'UBL','BUY',1550,139.2,'2026-02-27 11:06:00'),
(84,'HUBC','BUY',1470,84.42,'2026-03-26 15:36:00'),
(84,'ENGRO','SELL',1500,244.34,'2026-04-18 15:23:00'),
(84,'PPL','BUY',360,71.68,'2026-02-28 15:39:00'),
(85,'ENGRO','BUY',1120,247.02,'2026-03-19 13:41:00'),
(85,'MCB','BUY',930,181.56,'2026-03-15 11:03:00'),
(85,'LUCK','SELL',390,523.8,'2026-03-27 10:42:00'),
(86,'PTC','BUY',1420,8.16,'2026-02-13 10:00:00'),
(86,'MEBL','BUY',1880,151.42,'2026-04-21 12:38:00'),
(86,'FFC','BUY',1530,117.99,'2026-02-28 15:54:00'),
(86,'EFERT','BUY',710,69.22,'2026-02-21 10:02:00'),
(87,'TRG','SELL',460,78.38,'2026-02-08 15:09:00'),
(87,'NML','SELL',1420,116.48,'2026-03-22 10:20:00'),
(87,'INDU','BUY',1560,1285,'2026-02-19 11:48:00'),
(87,'PSO','SELL',1470,203.42,'2026-04-27 12:48:00'),
(88,'EFERT','SELL',410,70.52,'2026-04-08 10:09:00'),
(88,'INDU','BUY',1000,1195.05,'2026-04-12 09:33:00'),
(88,'OGDC','BUY',1940,82.57,'2026-04-29 12:24:00'),
(88,'SEARL','BUY',1470,247.45,'2026-04-21 09:35:00'),
(89,'UBL','SELL',1540,149.24,'2026-02-15 09:51:00'),
(89,'MCB','SELL',210,172.66,'2026-04-02 11:23:00'),
(89,'PSO','SELL',1480,181.91,'2026-02-26 11:46:00'),
(89,'FFC','SELL',100,108.25,'2026-04-09 10:24:00'),
(90,'INDU','BUY',1840,1182.2,'2026-03-18 11:48:00'),
(90,'FFC','BUY',590,116.91,'2026-02-06 14:30:00'),
(90,'DGKC','BUY',1110,69.87,'2026-03-22 11:49:00'),
(90,'MEBL','SELL',1120,135.41,'2026-02-23 13:11:00'),
(91,'NML','BUY',370,100.8,'2026-03-25 11:36:00'),
(91,'FFC','SELL',440,115.83,'2026-04-08 09:51:00'),
(91,'EFERT','SELL',1220,58.77,'2026-03-04 09:45:00'),
(91,'HBL','SELL',280,112.3,'2026-03-26 12:25:00'),
(91,'PSO','SELL',390,185.82,'2026-04-12 15:23:00'),
(92,'FFC','BUY',1170,101.76,'2026-02-26 15:36:00'),
(92,'MEBL','SELL',1500,144.14,'2026-04-06 14:45:00'),
(92,'UBL','BUY',1960,146.37,'2026-03-13 11:21:00'),
(93,'UBL','BUY',1670,144.94,'2026-04-19 10:19:00'),
(93,'PSO','BUY',690,197.56,'2026-04-19 14:06:00'),
(93,'PTC','BUY',1070,9.26,'2026-04-12 14:51:00'),
(93,'MEBL','BUY',560,155.79,'2026-02-02 11:50:00'),
(94,'OGDC','BUY',960,87.06,'2026-03-14 15:12:00'),
(94,'TRG','BUY',290,87.76,'2026-04-28 15:28:00'),
(94,'LUCK','SELL',1970,475.3,'2026-04-29 12:54:00'),
(95,'DGKC','BUY',120,61.65,'2026-03-30 12:29:00'),
(95,'TRG','BUY',90,77.53,'2026-02-02 12:46:00'),
(95,'HUBC','SELL',1680,71.01,'2026-04-08 09:16:00'),
(96,'SYS','SELL',1940,421.88,'2026-03-27 15:37:00'),
(96,'HUBC','BUY',1920,74.17,'2026-02-24 10:30:00'),
(97,'NML','SELL',1470,120.96,'2026-03-22 12:23:00'),
(97,'MEBL','BUY',1750,149.97,'2026-04-07 09:32:00'),
(98,'PSO','BUY',1420,211.25,'2026-03-25 15:09:00'),
(98,'ENGRO','BUY',970,276.56,'2026-03-09 13:09:00'),
(98,'TRG','BUY',850,76.68,'2026-04-05 14:34:00'),
(98,'NML','SELL',280,114.24,'2026-04-22 09:17:00'),
(99,'DGKC','BUY',1010,64.39,'2026-03-20 10:00:00'),
(99,'PTC','SELL',400,8.5,'2026-02-26 09:51:00'),
(99,'LUCK','SELL',110,528.65,'2026-04-15 13:49:00'),
(99,'HBL','SELL',1930,110.05,'2026-04-20 12:42:00'),
(99,'SEARL','BUY',1580,220.5,'2026-04-23 13:55:00'),
(100,'BAHL','BUY',1360,56.4,'2026-03-08 11:09:00'),
(100,'PSO','SELL',1140,183.86,'2026-02-07 15:47:00'),
(100,'SYS','SELL',650,366.16,'2026-04-02 12:27:00'),
(101,'MCB','BUY',1930,178,'2026-03-02 15:33:00'),
(101,'HUBC','BUY',1290,83.63,'2026-03-07 09:34:00'),
(101,'PPL','SELL',1720,78.19,'2026-04-28 14:03:00'),
(101,'PSO','SELL',910,201.47,'2026-02-16 09:20:00'),
(102,'LUCK','SELL',1090,436.5,'2026-03-19 12:57:00'),
(102,'PSO','SELL',180,211.25,'2026-02-02 13:32:00'),
(102,'PSO','SELL',1840,205.38,'2026-04-19 12:54:00'),
(102,'TRG','SELL',1810,81.79,'2026-02-25 10:21:00'),
(103,'EFERT','BUY',180,69.22,'2026-02-02 11:27:00'),
(103,'INDU','SELL',940,1400.65,'2026-02-19 09:34:00'),
(103,'FFC','BUY',580,98.51,'2026-02-06 09:12:00'),
(103,'DGKC','BUY',910,74.67,'2026-04-16 10:55:00'),
(103,'UBL','SELL',550,144.94,'2026-03-22 10:42:00'),
(104,'TRG','SELL',970,76.68,'2026-03-07 14:38:00'),
(104,'OGDC','SELL',200,86.16,'2026-03-31 15:10:00'),
(105,'SYS','BUY',1350,413.92,'2026-02-01 14:35:00'),
(105,'MCB','BUY',390,181.56,'2026-04-20 12:45:00'),
(105,'HUBC','BUY',1520,82.85,'2026-02-21 10:57:00'),
(106,'LUCK','SELL',800,523.8,'2026-03-06 09:41:00'),
(106,'HBL','BUY',970,121.28,'2026-02-15 11:28:00'),
(106,'MEBL','SELL',830,139.78,'2026-03-25 09:54:00'),
(107,'INDU','SELL',800,1207.9,'2026-04-25 11:15:00'),
(107,'MEBL','SELL',680,135.41,'2026-03-29 15:48:00'),
(107,'OGDC','BUY',1280,94.24,'2026-02-12 14:16:00'),
(108,'HBL','SELL',1510,115.67,'2026-03-14 15:52:00'),
(108,'PPL','BUY',1420,70.23,'2026-04-25 10:12:00'),
(108,'LUCK','BUY',1190,455.9,'2026-02-14 15:25:00'),
(108,'MCB','SELL',810,181.56,'2026-04-05 13:19:00'),
(108,'MCB','SELL',150,181.56,'2026-04-29 13:03:00'),
(109,'BAHL','BUY',940,52.88,'2026-02-05 13:01:00'),
(109,'EFERT','BUY',1690,58.77,'2026-04-22 13:19:00'),
(109,'ENGRO','BUY',850,263.13,'2026-04-15 12:14:00'),
(110,'ENGRO','SELL',750,271.18,'2026-02-09 11:47:00'),
(110,'HBL','BUY',1430,110.05,'2026-03-23 14:23:00'),
(110,'HBL','BUY',1730,120.16,'2026-03-24 15:16:00'),
(110,'NML','SELL',140,109.76,'2026-04-06 09:52:00'),
(110,'UBL','BUY',1180,139.2,'2026-04-03 11:20:00'),
(111,'TRG','BUY',1320,79.24,'2026-02-26 15:00:00'),
(111,'ENGRO','SELL',1040,292.67,'2026-02-09 09:11:00'),
(112,'FFC','SELL',1290,115.83,'2026-03-25 15:26:00'),
(112,'SYS','BUY',1530,409.94,'2026-04-08 15:53:00'),
(112,'BAHL','BUY',1600,64.04,'2026-04-11 15:05:00'),
(112,'OGDC','BUY',800,93.34,'2026-04-27 11:20:00'),
(112,'PPL','BUY',1140,71.68,'2026-03-25 13:57:00'),
(113,'LUCK','BUY',110,494.7,'2026-04-24 13:55:00'),
(113,'PPL','SELL',1790,76.74,'2026-02-27 09:31:00'),
(114,'HBL','SELL',560,112.3,'2026-03-23 09:34:00'),
(114,'LUCK','SELL',1500,499.55,'2026-02-03 15:51:00'),
(114,'NML','BUY',180,113.12,'2026-03-11 13:14:00'),
(114,'MEBL','BUY',1060,139.78,'2026-03-16 15:01:00'),
(114,'FFC','BUY',760,100.67,'2026-04-05 12:14:00'),
(115,'HUBC','BUY',740,75.74,'2026-04-15 11:15:00'),
(115,'HUBC','SELL',280,84.42,'2026-03-04 11:10:00'),
(115,'PPL','SELL',1790,67.33,'2026-02-23 11:21:00'),
(116,'PSO','BUY',1570,176.04,'2026-04-10 09:07:00'),
(116,'FFC','SELL',910,108.25,'2026-03-29 12:24:00'),
(116,'BAHL','SELL',840,59.92,'2026-04-28 15:47:00'),
(116,'FFC','BUY',1740,112.58,'2026-03-20 09:42:00'),
(116,'PSO','SELL',780,195.6,'2026-04-25 14:24:00'),
(117,'BAHL','BUY',950,52.88,'2026-03-21 13:00:00'),
(117,'SYS','BUY',1980,378.1,'2026-02-08 12:14:00'),
(117,'LUCK','SELL',830,528.65,'2026-03-23 10:55:00'),
(118,'PSO','BUY',710,211.25,'2026-04-14 11:03:00'),
(118,'HBL','BUY',780,101.07,'2026-03-26 09:14:00'),
(119,'SEARL','BUY',700,249.9,'2026-03-18 11:05:00'),
(119,'PTC','BUY',1390,7.65,'2026-03-22 13:48:00'),
(119,'MEBL','SELL',860,157.25,'2026-04-17 12:24:00'),
(120,'INDU','SELL',1050,1195.05,'2026-04-14 11:06:00'),
(120,'MEBL','SELL',520,145.6,'2026-03-03 15:33:00'),
(120,'NML','BUY',1490,108.64,'2026-03-18 11:44:00'),
(120,'TRG','BUY',460,86.05,'2026-04-15 14:13:00'),
(120,'ENGRO','BUY',1400,284.61,'2026-03-08 14:27:00'),
(121,'SYS','BUY',1080,433.82,'2026-04-22 12:23:00'),
(121,'DGKC','SELL',420,65.76,'2026-04-23 13:44:00'),
(121,'PSO','BUY',770,183.86,'2026-04-01 11:04:00'),
(122,'FFC','SELL',710,105,'2026-03-04 13:53:00'),
(122,'INDU','BUY',1260,1374.95,'2026-03-14 15:19:00'),
(122,'MEBL','BUY',700,138.32,'2026-03-01 09:06:00'),
(122,'MEBL','BUY',1960,133.95,'2026-03-27 12:11:00'),
(123,'SYS','BUY',370,358.2,'2026-04-10 10:00:00'),
(123,'EFERT','BUY',830,60.08,'2026-02-27 13:20:00'),
(124,'DGKC','SELL',980,62.34,'2026-04-19 13:34:00'),
(124,'FFC','BUY',790,109.33,'2026-04-01 10:47:00'),
(124,'PPL','BUY',760,78.19,'2026-02-06 13:25:00'),
(124,'HUBC','BUY',1610,83.63,'2026-03-03 13:46:00'),
(124,'LUCK','BUY',1870,494.7,'2026-02-11 12:54:00'),
(125,'SEARL','SELL',1570,225.4,'2026-03-10 12:09:00'),
(125,'LUCK','SELL',140,523.8,'2026-02-26 14:15:00'),
(125,'SEARL','BUY',1050,267.05,'2026-02-06 12:46:00'),
(125,'BAHL','BUY',1670,54.05,'2026-04-16 10:35:00'),
(126,'OGDC','BUY',870,87.06,'2026-02-27 11:06:00'),
(126,'LUCK','BUY',330,485,'2026-03-03 10:26:00'),
(127,'FFC','BUY',1310,106.08,'2026-02-16 12:44:00'),
(127,'UBL','BUY',190,149.24,'2026-04-26 15:00:00'),
(127,'PPL','BUY',1430,73.12,'2026-03-10 10:07:00'),
(128,'HUBC','BUY',230,84.42,'2026-03-07 11:37:00'),
(128,'LUCK','SELL',1930,455.9,'2026-03-25 13:15:00'),
(128,'DGKC','SELL',770,72.61,'2026-02-08 09:24:00'),
(128,'PPL','SELL',1500,72.4,'2026-04-11 11:22:00'),
(128,'EFERT','SELL',1950,59.42,'2026-03-04 11:51:00'),
(129,'BAHL','BUY',1270,58.75,'2026-04-19 14:21:00'),
(129,'PSO','SELL',430,193.64,'2026-02-08 11:16:00'),
(130,'UBL','BUY',350,133.46,'2026-02-22 10:08:00'),
(130,'SEARL','BUY',1410,262.15,'2026-04-30 14:57:00'),
(130,'DGKC','BUY',420,69.87,'2026-02-19 09:57:00'),
(131,'PSO','SELL',280,189.73,'2026-04-23 14:49:00'),
(131,'MEBL','BUY',650,158.7,'2026-03-14 11:19:00'),
(132,'UBL','SELL',1460,147.8,'2026-02-02 11:11:00'),
(132,'FFC','SELL',270,98.51,'2026-04-27 13:01:00'),
(132,'MEBL','SELL',1020,138.32,'2026-03-19 13:08:00'),
(133,'MEBL','BUY',890,131.04,'2026-02-24 12:30:00'),
(133,'DGKC','BUY',850,69.18,'2026-02-18 09:58:00'),
(133,'DGKC','BUY',420,69.87,'2026-04-05 13:14:00'),
(133,'PPL','SELL',540,75.3,'2026-04-09 15:12:00'),
(134,'DGKC','SELL',980,72.61,'2026-02-02 10:22:00'),
(134,'BAHL','SELL',1360,55.81,'2026-03-21 12:40:00'),
(135,'ENGRO','BUY',80,241.65,'2026-02-06 11:17:00'),
(135,'LUCK','SELL',1040,436.5,'2026-04-22 11:03:00'),
(136,'MCB','BUY',450,176.22,'2026-02-09 13:33:00'),
(136,'UBL','BUY',940,149.24,'2026-03-22 09:12:00'),
(137,'OGDC','BUY',1580,96.93,'2026-02-12 10:00:00'),
(137,'OGDC','SELL',1560,87.06,'2026-03-07 15:41:00'),
(137,'PTC','SELL',1700,9.18,'2026-04-26 13:55:00'),
(137,'FFC','SELL',1310,99.59,'2026-03-05 12:24:00'),
(137,'DGKC','BUY',160,69.87,'2026-02-04 14:41:00'),
(138,'FFC','BUY',780,108.25,'2026-03-11 15:37:00'),
(138,'PSO','SELL',1760,195.6,'2026-04-13 10:56:00'),
(138,'SYS','SELL',1030,409.94,'2026-02-20 10:06:00'),
(139,'HUBC','SELL',1470,76.53,'2026-02-12 12:53:00'),
(139,'PPL','SELL',1470,77.47,'2026-03-08 09:32:00'),
(139,'MCB','SELL',1860,163.76,'2026-02-26 11:42:00'),
(139,'SEARL','SELL',860,227.85,'2026-04-25 15:28:00'),
(140,'DGKC','BUY',330,61.65,'2026-03-27 14:28:00'),
(140,'UBL','SELL',780,147.8,'2026-04-24 15:19:00'),
(140,'FFC','BUY',410,108.25,'2026-03-20 13:22:00'),
(140,'LUCK','SELL',400,436.5,'2026-04-11 09:55:00'),
(140,'EFERT','BUY',270,70.52,'2026-03-03 10:48:00'),
(141,'PTC','BUY',920,8.24,'2026-03-26 09:45:00'),
(141,'PSO','BUY',1240,179.95,'2026-02-05 09:36:00'),
(141,'TRG','SELL',420,84.35,'2026-04-20 12:33:00'),
(141,'DGKC','SELL',1350,65.08,'2026-02-10 11:45:00'),
(141,'MEBL','SELL',1010,141.23,'2026-03-20 11:40:00'),
(142,'FFC','SELL',1520,107.17,'2026-02-19 09:45:00'),
(142,'MEBL','BUY',1890,148.51,'2026-04-11 13:37:00'),
(142,'BAHL','BUY',920,64.04,'2026-02-07 14:26:00'),
(142,'MCB','BUY',1250,170.88,'2026-02-20 15:42:00'),
(143,'UBL','SELL',1370,147.8,'2026-02-10 09:54:00'),
(143,'PSO','SELL',970,205.38,'2026-04-13 15:03:00'),
(143,'SEARL','BUY',1870,235.2,'2026-04-20 09:41:00'),
(144,'FFC','SELL',490,111.5,'2026-02-15 12:00:00'),
(144,'PSO','BUY',1020,195.6,'2026-02-01 12:07:00'),
(144,'PTC','BUY',210,8.5,'2026-02-13 10:51:00'),
(144,'MEBL','SELL',1800,132.5,'2026-02-10 14:17:00'),
(145,'PPL','BUY',100,70.95,'2026-04-13 10:19:00'),
(145,'SEARL','BUY',1680,262.15,'2026-02-16 12:10:00'),
(145,'UBL','BUY',1710,133.46,'2026-03-14 09:23:00'),
(145,'NML','BUY',720,114.24,'2026-02-07 12:03:00'),
(146,'FFC','SELL',1130,100.67,'2026-03-05 12:55:00'),
(146,'NML','BUY',1570,112,'2026-04-03 13:13:00'),
(147,'HBL','BUY',1480,121.28,'2026-03-02 13:54:00'),
(147,'FFC','SELL',980,103.92,'2026-03-05 11:10:00'),
(147,'HBL','BUY',360,110.05,'2026-02-21 14:25:00'),
(147,'FFC','BUY',1960,101.76,'2026-04-26 11:34:00'),
(147,'ENGRO','BUY',1560,271.18,'2026-02-08 12:47:00'),
(148,'BAHL','SELL',1090,61.69,'2026-03-25 15:28:00'),
(148,'PTC','SELL',710,8.93,'2026-03-07 14:15:00'),
(148,'INDU','SELL',1280,1169.35,'2026-03-03 09:23:00'),
(148,'FFC','SELL',680,113.66,'2026-02-19 14:09:00'),
(148,'SYS','SELL',1990,362.18,'2026-02-13 09:54:00'),
(149,'PTC','BUY',950,7.99,'2026-04-14 13:44:00'),
(149,'HUBC','BUY',290,73.38,'2026-03-22 12:58:00'),
(149,'UBL','BUY',1560,144.94,'2026-04-23 15:09:00'),
(150,'NML','BUY',800,112,'2026-02-10 14:58:00'),
(150,'INDU','BUY',1080,1349.25,'2026-04-29 14:39:00'),
(150,'HUBC','SELL',240,78.9,'2026-02-12 14:39:00'),
(150,'SEARL','BUY',1360,242.55,'2026-04-07 12:56:00'),
(150,'NML','SELL',910,105.28,'2026-03-01 09:43:00');

-- ============================================================
-- SEED DATA: Watchlists
-- ============================================================
INSERT INTO watchlists (user_id, stock_symbol) VALUES
(1,'HBL'),
(1,'TRG'),
(2,'NML'),
(3,'NML'),
(4,'SEARL'),
(5,'HBL'),
(6,'PSO'),
(6,'PTC'),
(6,'TRG'),
(7,'INDU'),
(7,'OGDC'),
(7,'UBL'),
(8,'HBL'),
(8,'UBL'),
(8,'PTC'),
(9,'PTC'),
(9,'PPL'),
(9,'DGKC'),
(10,'BAHL'),
(10,'NML'),
(11,'PTC'),
(11,'EFERT'),
(11,'TRG'),
(12,'BAHL'),
(12,'PTC'),
(12,'EFERT'),
(13,'SYS'),
(13,'HBL'),
(14,'SYS'),
(14,'INDU'),
(14,'EFERT'),
(15,'ENGRO'),
(15,'MEBL'),
(15,'UBL'),
(16,'ENGRO'),
(16,'LUCK'),
(16,'OGDC'),
(17,'NML'),
(18,'HUBC'),
(18,'HBL'),
(19,'SYS'),
(20,'SYS'),
(21,'TRG'),
(21,'HUBC'),
(21,'PPL'),
(22,'INDU'),
(22,'SYS'),
(22,'BAHL'),
(23,'PPL'),
(23,'UBL'),
(24,'UBL'),
(24,'PTC'),
(24,'SEARL'),
(25,'PSO'),
(25,'MCB'),
(25,'MEBL'),
(26,'HUBC'),
(27,'BAHL'),
(27,'SYS'),
(27,'HUBC'),
(28,'OGDC'),
(29,'HBL'),
(30,'SEARL'),
(30,'HBL'),
(31,'MEBL'),
(31,'OGDC'),
(31,'HBL'),
(32,'FFC'),
(32,'NML'),
(33,'HBL'),
(33,'NML'),
(34,'LUCK'),
(34,'FFC'),
(34,'MCB'),
(35,'DGKC'),
(35,'MEBL'),
(36,'MCB'),
(36,'PSO'),
(36,'MEBL'),
(37,'MCB'),
(38,'PPL'),
(38,'SEARL'),
(38,'INDU'),
(39,'PPL'),
(39,'OGDC'),
(39,'TRG'),
(40,'UBL'),
(40,'HUBC'),
(40,'TRG'),
(41,'TRG'),
(41,'PSO'),
(42,'PPL'),
(43,'ENGRO'),
(43,'PTC'),
(44,'INDU'),
(45,'DGKC'),
(45,'BAHL'),
(46,'MCB'),
(47,'FFC'),
(48,'TRG'),
(48,'LUCK'),
(49,'NML'),
(49,'MEBL'),
(49,'BAHL'),
(50,'NML'),
(51,'LUCK'),
(52,'PPL'),
(53,'SEARL'),
(53,'LUCK'),
(54,'HUBC'),
(54,'OGDC'),
(55,'PSO'),
(55,'PTC'),
(56,'DGKC'),
(56,'NML'),
(56,'MEBL'),
(57,'TRG'),
(57,'BAHL'),
(58,'ENGRO'),
(58,'LUCK'),
(59,'LUCK'),
(59,'HUBC'),
(59,'NML'),
(60,'PPL'),
(60,'SYS'),
(60,'SEARL'),
(61,'PSO'),
(61,'HUBC'),
(61,'EFERT'),
(62,'HBL'),
(62,'INDU'),
(62,'PPL'),
(63,'PSO'),
(63,'SYS'),
(64,'SYS'),
(65,'BAHL'),
(65,'FFC'),
(66,'INDU'),
(66,'EFERT'),
(67,'TRG'),
(67,'OGDC'),
(68,'NML'),
(68,'SYS'),
(68,'HUBC'),
(69,'DGKC'),
(69,'FFC'),
(69,'PSO'),
(70,'ENGRO'),
(70,'BAHL'),
(70,'INDU'),
(71,'SEARL'),
(71,'PSO'),
(72,'INDU'),
(73,'TRG'),
(73,'MCB'),
(74,'DGKC'),
(74,'MEBL'),
(74,'PPL'),
(75,'OGDC'),
(75,'PSO'),
(76,'HUBC'),
(77,'EFERT'),
(77,'LUCK'),
(77,'HBL'),
(78,'MEBL'),
(79,'ENGRO'),
(79,'MCB'),
(79,'NML'),
(80,'MCB'),
(80,'EFERT'),
(81,'SEARL'),
(81,'INDU'),
(81,'UBL'),
(82,'DGKC'),
(82,'TRG'),
(82,'UBL'),
(83,'DGKC'),
(83,'TRG'),
(84,'EFERT'),
(84,'HBL'),
(85,'FFC'),
(85,'BAHL'),
(86,'EFERT'),
(86,'UBL'),
(87,'MCB'),
(88,'INDU'),
(88,'UBL'),
(89,'FFC'),
(89,'SYS'),
(89,'HUBC'),
(90,'MCB'),
(90,'TRG'),
(90,'HBL'),
(91,'UBL'),
(92,'PTC'),
(93,'HBL'),
(93,'TRG'),
(94,'INDU'),
(94,'TRG'),
(94,'PPL'),
(95,'ENGRO'),
(95,'UBL'),
(95,'HUBC'),
(96,'ENGRO'),
(96,'LUCK'),
(96,'UBL'),
(97,'BAHL'),
(97,'OGDC'),
(97,'PTC'),
(98,'INDU'),
(98,'PPL'),
(98,'NML'),
(99,'MEBL'),
(99,'EFERT'),
(100,'MEBL'),
(100,'PPL'),
(100,'BAHL'),
(101,'MCB'),
(101,'DGKC'),
(101,'PPL'),
(102,'FFC'),
(102,'EFERT'),
(103,'LUCK'),
(103,'PPL'),
(104,'SYS'),
(104,'HUBC'),
(105,'FFC'),
(105,'PPL'),
(105,'PSO'),
(106,'TRG'),
(106,'NML'),
(107,'FFC'),
(108,'ENGRO'),
(108,'HBL'),
(109,'NML'),
(109,'PSO'),
(110,'EFERT'),
(110,'SEARL'),
(111,'PSO'),
(111,'LUCK'),
(111,'SEARL'),
(112,'DGKC'),
(113,'UBL'),
(113,'LUCK'),
(114,'OGDC'),
(114,'ENGRO'),
(114,'BAHL'),
(115,'OGDC'),
(115,'ENGRO'),
(116,'LUCK'),
(116,'PPL'),
(117,'INDU'),
(117,'BAHL'),
(118,'SYS'),
(119,'LUCK'),
(119,'FFC'),
(119,'EFERT'),
(120,'MEBL'),
(121,'EFERT'),
(121,'SYS'),
(122,'HUBC'),
(122,'TRG'),
(123,'PSO'),
(124,'HUBC'),
(124,'ENGRO'),
(124,'FFC'),
(125,'HBL'),
(126,'INDU'),
(126,'HBL'),
(126,'NML'),
(127,'DGKC'),
(127,'TRG'),
(127,'NML'),
(128,'SEARL'),
(128,'UBL'),
(128,'MCB'),
(129,'SEARL'),
(129,'HBL'),
(130,'FFC'),
(131,'UBL'),
(131,'LUCK'),
(131,'MEBL'),
(132,'FFC'),
(132,'TRG'),
(132,'INDU'),
(133,'HBL'),
(133,'MCB'),
(133,'EFERT'),
(134,'HBL'),
(134,'PPL'),
(134,'BAHL'),
(135,'PTC'),
(135,'PPL'),
(136,'UBL'),
(137,'FFC'),
(137,'SYS'),
(137,'MCB'),
(138,'EFERT'),
(139,'SYS'),
(139,'NML'),
(139,'PSO'),
(140,'PSO'),
(140,'DGKC'),
(141,'TRG'),
(142,'OGDC'),
(142,'ENGRO'),
(143,'EFERT'),
(143,'SEARL'),
(144,'HBL'),
(144,'PTC'),
(145,'UBL'),
(145,'BAHL'),
(145,'NML'),
(146,'EFERT'),
(147,'ENGRO'),
(148,'PPL'),
(148,'LUCK'),
(148,'PSO'),
(149,'BAHL'),
(149,'HUBC'),
(150,'TRG'),
(150,'PTC'),
(150,'NML');

-- ============================================================
-- SEED DATA: Price Alerts
-- ============================================================
INSERT INTO price_alerts (user_id, stock_symbol, alert_condition, threshold_price, is_triggered) VALUES
(1,'PSO','ABOVE',215.16,1),
(2,'OGDC','ABOVE',98.72,0),
(3,'PTC','ABOVE',9.35,1),
(4,'DGKC','ABOVE',75.35,1),
(7,'HUBC','ABOVE',86.79,0),
(9,'BAHL','BELOW',52.88,0),
(10,'EFERT','BELOW',58.77,1),
(11,'HUBC','ABOVE',86.79,1),
(12,'LUCK','ABOVE',533.5,0),
(14,'LUCK','ABOVE',533.5,1),
(15,'TRG','ABOVE',93.72,0),
(17,'SEARL','ABOVE',269.5,0),
(19,'PTC','BELOW',7.65,1),
(20,'PSO','ABOVE',215.16,1),
(21,'PPL','BELOW',65.16,0),
(22,'SEARL','ABOVE',269.5,1),
(23,'HBL','BELOW',101.07,0),
(24,'SYS','ABOVE',437.8,0),
(25,'MCB','BELOW',160.2,1),
(27,'INDU','ABOVE',1413.5,1),
(28,'OGDC','BELOW',80.78,1),
(30,'PSO','BELOW',176.04,1),
(31,'SYS','ABOVE',437.8,1),
(34,'PTC','BELOW',7.65,1),
(40,'INDU','ABOVE',1413.5,0),
(41,'MEBL','ABOVE',160.16,1),
(43,'FFC','BELOW',97.42,1),
(44,'INDU','BELOW',1156.5,0),
(45,'OGDC','BELOW',80.78,1),
(47,'INDU','ABOVE',1413.5,1),
(48,'PSO','BELOW',176.04,0),
(49,'SYS','ABOVE',437.8,1),
(52,'INDU','ABOVE',1413.5,1),
(53,'PPL','BELOW',65.16,1),
(54,'NML','ABOVE',123.2,0),
(55,'PTC','BELOW',7.65,0),
(57,'NML','BELOW',100.8,0),
(58,'SEARL','BELOW',220.5,1),
(60,'PTC','BELOW',7.65,1),
(61,'NML','BELOW',100.8,0),
(62,'BAHL','BELOW',52.88,0),
(63,'OGDC','BELOW',80.78,0),
(64,'ENGRO','BELOW',241.65,1),
(67,'SEARL','BELOW',220.5,1),
(68,'BAHL','BELOW',52.88,0),
(69,'MCB','BELOW',160.2,1),
(70,'PSO','BELOW',176.04,1),
(72,'SYS','BELOW',358.2,1),
(73,'SYS','ABOVE',437.8,0),
(74,'HBL','BELOW',101.07,1),
(79,'ENGRO','BELOW',241.65,0),
(85,'MCB','ABOVE',195.8,1),
(86,'BAHL','BELOW',52.88,0),
(87,'OGDC','ABOVE',98.72,1),
(88,'SYS','ABOVE',437.8,1),
(89,'BAHL','ABOVE',64.62,0),
(91,'EFERT','BELOW',58.77,0),
(92,'DGKC','ABOVE',75.35,1),
(93,'ENGRO','BELOW',241.65,0),
(94,'PPL','ABOVE',79.64,1),
(95,'PSO','ABOVE',215.16,0),
(97,'ENGRO','BELOW',241.65,1),
(98,'NML','BELOW',100.8,0),
(99,'PPL','ABOVE',79.64,1),
(100,'LUCK','ABOVE',533.5,1),
(101,'BAHL','ABOVE',64.62,1),
(103,'MCB','BELOW',160.2,0),
(104,'MCB','BELOW',160.2,1),
(107,'EFERT','ABOVE',71.83,0),
(108,'PSO','ABOVE',215.16,1),
(110,'UBL','ABOVE',157.85,0),
(111,'INDU','ABOVE',1413.5,1),
(114,'DGKC','ABOVE',75.35,0),
(115,'MCB','BELOW',160.2,1),
(116,'TRG','BELOW',76.68,0),
(119,'PSO','BELOW',176.04,0),
(122,'NML','ABOVE',123.2,0),
(123,'UBL','ABOVE',157.85,1),
(124,'INDU','BELOW',1156.5,1),
(126,'DGKC','ABOVE',75.35,0),
(127,'SYS','ABOVE',437.8,1),
(128,'MCB','ABOVE',195.8,1),
(129,'SEARL','BELOW',220.5,1),
(130,'MCB','BELOW',160.2,1),
(131,'LUCK','BELOW',436.5,1),
(132,'TRG','BELOW',76.68,0),
(133,'UBL','ABOVE',157.85,0),
(134,'ENGRO','BELOW',241.65,0),
(137,'TRG','BELOW',76.68,0),
(139,'DGKC','BELOW',61.65,1),
(140,'NML','ABOVE',123.2,0),
(141,'OGDC','ABOVE',98.72,1),
(143,'BAHL','ABOVE',64.62,1),
(144,'EFERT','ABOVE',71.83,1),
(146,'DGKC','ABOVE',75.35,1),
(148,'MCB','BELOW',160.2,0),
(149,'PPL','BELOW',65.16,1),
(150,'SYS','ABOVE',437.8,0);

-- ============================================================
-- SEED DATA: Chat Messages
-- ============================================================
INSERT INTO chat_messages (user_id, message_text, message_time) VALUES
(1,'Bank stocks are my favorite for dividends.','2026-04-04 13:30:00'),
(2,'Market opened green today, Alhamdulillah!','2026-04-10 15:42:00'),
(3,'Lucky Cement ki price bohat achi hai.','2026-04-21 10:12:00'),
(4,'Bank stocks are my favorite for dividends.','2026-04-09 15:55:00'),
(5,'Any thoughts on TRG Pakistan?','2026-04-09 20:36:00'),
(6,'Volume on PTC is crazy today!','2026-04-28 21:30:00'),
(7,'Market mein aaj kaafi activity hai.','2026-04-05 10:01:00'),
(8,'Lucky Cement ki price bohat achi hai.','2026-04-03 16:49:00'),
(9,'PPL might go up after gas price revision.','2026-04-25 15:19:00'),
(10,'Sold my INDU position for good profit.','2026-04-22 09:15:00'),
(11,'Engro Fertilizers is a solid defensive pick.','2026-04-14 15:24:00'),
(12,'Engro Fertilizers is a solid defensive pick.','2026-04-17 18:43:00'),
(13,'PPL might go up after gas price revision.','2026-04-15 12:46:00'),
(14,'SYS is the future of Pakistan IT sector.','2026-04-02 13:37:00'),
(15,'Lucky Cement ki price bohat achi hai.','2026-04-05 13:47:00'),
(16,'Bank stocks are my favorite for dividends.','2026-04-03 21:40:00'),
(17,'SYS is the future of Pakistan IT sector.','2026-04-23 09:48:00'),
(18,'PSX is looking bullish today!','2026-04-18 17:22:00'),
(19,'PSX is looking bullish today!','2026-04-12 19:08:00'),
(20,'PPL might go up after gas price revision.','2026-04-09 20:30:00'),
(21,'Pakistan economy is improving, InshAllah.','2026-04-25 16:10:00'),
(22,'I think cement sector will rally this week.','2026-04-28 19:50:00'),
(23,'I think cement sector will rally this week.','2026-04-30 15:24:00'),
(24,'Pakistan economy is improving, InshAllah.','2026-04-08 14:48:00'),
(25,'DG Khan Cement looking interesting at this level.','2026-04-27 10:37:00'),
(26,'Engro Fertilizers is a solid defensive pick.','2026-04-05 21:08:00'),
(27,'Engro Fertilizers is a solid defensive pick.','2026-04-02 20:23:00'),
(28,'Pakistan economy is improving, InshAllah.','2026-04-25 11:12:00'),
(29,'Engro Fertilizers is a solid defensive pick.','2026-04-27 11:38:00'),
(30,'Market opened green today, Alhamdulillah!','2026-04-19 14:11:00'),
(31,'Volume on PTC is crazy today!','2026-04-07 10:11:00'),
(32,'Who else is holding MCB long term?','2026-04-11 18:49:00'),
(33,'Volume on PTC is crazy today!','2026-04-02 12:48:00'),
(34,'PPL might go up after gas price revision.','2026-05-01 09:45:00'),
(35,'DG Khan Cement looking interesting at this level.','2026-04-28 21:01:00'),
(36,'Pakistan economy is improving, InshAllah.','2026-04-14 20:14:00'),
(37,'Any thoughts on TRG Pakistan?','2026-04-09 16:06:00'),
(38,'Any thoughts on TRG Pakistan?','2026-04-09 12:03:00'),
(39,'Volume on PTC is crazy today!','2026-04-26 12:33:00'),
(40,'I think cement sector will rally this week.','2026-04-07 21:29:00'),
(41,'I think cement sector will rally this week.','2026-04-03 13:18:00'),
(42,'Engro Fertilizers is a solid defensive pick.','2026-04-13 11:29:00'),
(43,'Fertilizer stocks are undervalued right now.','2026-04-24 12:41:00'),
(44,'HBL results are out, looking strong.','2026-04-19 11:39:00'),
(45,'PPL might go up after gas price revision.','2026-04-19 20:32:00'),
(46,'Engro Fertilizers is a solid defensive pick.','2026-04-03 21:15:00'),
(47,'Volume on PTC is crazy today!','2026-04-23 18:38:00'),
(48,'Any thoughts on TRG Pakistan?','2026-04-06 09:17:00'),
(49,'I think cement sector will rally this week.','2026-04-21 21:44:00'),
(50,'PPL might go up after gas price revision.','2026-04-17 19:47:00'),
(51,'Pakistan economy is improving, InshAllah.','2026-04-08 17:16:00'),
(52,'Any thoughts on TRG Pakistan?','2026-04-14 12:17:00'),
(53,'I think cement sector will rally this week.','2026-04-23 21:49:00'),
(54,'Lucky Cement ki price bohat achi hai.','2026-04-10 17:47:00'),
(55,'Market opened green today, Alhamdulillah!','2026-04-10 11:20:00'),
(56,'PSX is looking bullish today!','2026-04-17 20:07:00'),
(57,'Market opened green today, Alhamdulillah!','2026-04-28 19:35:00'),
(58,'HBL results are out, looking strong.','2026-04-11 12:15:00'),
(59,'Any thoughts on TRG Pakistan?','2026-04-13 15:00:00'),
(60,'PSX is looking bullish today!','2026-04-18 15:30:00'),
(61,'Pakistan economy is improving, InshAllah.','2026-04-13 09:36:00'),
(62,'Lucky Cement ki price bohat achi hai.','2026-04-16 19:01:00'),
(63,'Lucky Cement ki price bohat achi hai.','2026-04-09 20:09:00'),
(64,'Anyone tracking ENGRO? Great momentum.','2026-04-22 16:03:00'),
(65,'Time to buy the dip on OGDC.','2026-04-03 09:19:00'),
(66,'DG Khan Cement looking interesting at this level.','2026-04-13 14:19:00'),
(67,'PSX is looking bullish today!','2026-04-14 14:34:00'),
(68,'Engro Fertilizers is a solid defensive pick.','2026-04-22 14:45:00'),
(69,'Volume on PTC is crazy today!','2026-04-24 13:16:00'),
(70,'Bank stocks are my favorite for dividends.','2026-04-25 21:36:00'),
(71,'DG Khan Cement looking interesting at this level.','2026-04-06 19:43:00'),
(72,'Sold my INDU position for good profit.','2026-04-12 09:22:00'),
(73,'Engro Fertilizers is a solid defensive pick.','2026-04-05 10:54:00'),
(74,'Any thoughts on TRG Pakistan?','2026-04-20 20:16:00'),
(75,'HBL results are out, looking strong.','2026-04-21 12:17:00'),
(76,'Fertilizer stocks are undervalued right now.','2026-04-06 16:19:00'),
(77,'Bank stocks are my favorite for dividends.','2026-04-28 14:09:00'),
(78,'SYS is the future of Pakistan IT sector.','2026-04-04 10:27:00'),
(79,'Sold my INDU position for good profit.','2026-04-08 18:45:00'),
(80,'Meezan Bank is Shariah compliant, great pick.','2026-04-07 19:25:00'),
(81,'PPL might go up after gas price revision.','2026-04-02 18:03:00'),
(82,'HBL results are out, looking strong.','2026-04-27 19:46:00'),
(83,'Pakistan economy is improving, InshAllah.','2026-04-17 09:20:00'),
(84,'HBL results are out, looking strong.','2026-04-07 17:14:00'),
(85,'PSX is looking bullish today!','2026-04-03 21:58:00'),
(86,'Fertilizer stocks are undervalued right now.','2026-04-30 21:09:00'),
(87,'Sold my INDU position for good profit.','2026-04-05 14:43:00'),
(88,'PSX is looking bullish today!','2026-04-08 19:01:00'),
(89,'Who else is holding MCB long term?','2026-04-08 15:22:00'),
(90,'Time to buy the dip on OGDC.','2026-05-01 17:39:00'),
(91,'SYS is the future of Pakistan IT sector.','2026-04-18 18:11:00'),
(92,'I think cement sector will rally this week.','2026-04-04 19:45:00'),
(93,'Market mein aaj kaafi activity hai.','2026-04-11 18:31:00'),
(94,'Engro Fertilizers is a solid defensive pick.','2026-04-20 11:57:00'),
(95,'I think cement sector will rally this week.','2026-04-05 11:50:00'),
(96,'Any thoughts on TRG Pakistan?','2026-04-03 10:13:00'),
(97,'Market opened green today, Alhamdulillah!','2026-04-03 12:22:00'),
(98,'Any thoughts on TRG Pakistan?','2026-04-27 14:36:00'),
(99,'PPL might go up after gas price revision.','2026-04-11 18:22:00'),
(100,'Who else is holding MCB long term?','2026-04-07 15:08:00'),
(101,'Meezan Bank is Shariah compliant, great pick.','2026-04-20 11:11:00'),
(102,'Fertilizer stocks are undervalued right now.','2026-04-11 12:31:00'),
(103,'I think cement sector will rally this week.','2026-04-10 09:29:00'),
(104,'Engro Fertilizers is a solid defensive pick.','2026-04-12 19:43:00'),
(105,'Anyone tracking ENGRO? Great momentum.','2026-04-16 12:01:00'),
(106,'SYS is the future of Pakistan IT sector.','2026-04-28 13:35:00'),
(107,'HBL results are out, looking strong.','2026-04-26 10:36:00'),
(108,'Meezan Bank is Shariah compliant, great pick.','2026-04-29 16:58:00'),
(109,'Volume on PTC is crazy today!','2026-04-16 18:11:00'),
(110,'PPL might go up after gas price revision.','2026-05-01 09:32:00'),
(111,'Who else is holding MCB long term?','2026-04-11 10:57:00'),
(112,'Fertilizer stocks are undervalued right now.','2026-04-09 11:30:00'),
(113,'Market opened green today, Alhamdulillah!','2026-04-21 18:08:00'),
(114,'Who else is holding MCB long term?','2026-04-11 17:51:00'),
(115,'SYS is the future of Pakistan IT sector.','2026-04-11 11:40:00'),
(116,'PPL might go up after gas price revision.','2026-04-15 12:24:00'),
(117,'DG Khan Cement looking interesting at this level.','2026-04-24 15:49:00'),
(118,'Volume on PTC is crazy today!','2026-04-12 12:19:00'),
(119,'Market mein aaj kaafi activity hai.','2026-04-26 11:24:00'),
(120,'I think cement sector will rally this week.','2026-04-09 10:06:00'),
(121,'HBL results are out, looking strong.','2026-04-15 18:02:00'),
(122,'DG Khan Cement looking interesting at this level.','2026-05-01 11:04:00'),
(123,'Volume on PTC is crazy today!','2026-04-09 12:05:00'),
(124,'Meezan Bank is Shariah compliant, great pick.','2026-04-19 17:52:00'),
(125,'I think cement sector will rally this week.','2026-04-26 13:19:00'),
(126,'Any thoughts on TRG Pakistan?','2026-04-30 16:09:00'),
(127,'Market mein aaj kaafi activity hai.','2026-04-17 12:11:00'),
(128,'Any thoughts on TRG Pakistan?','2026-04-28 11:01:00'),
(129,'Meezan Bank is Shariah compliant, great pick.','2026-04-03 11:45:00'),
(130,'Fertilizer stocks are undervalued right now.','2026-04-20 15:33:00'),
(131,'Who else is holding MCB long term?','2026-05-01 10:20:00'),
(132,'SYS is the future of Pakistan IT sector.','2026-04-20 13:38:00'),
(133,'I think cement sector will rally this week.','2026-04-30 19:40:00'),
(134,'Meezan Bank is Shariah compliant, great pick.','2026-04-25 18:24:00'),
(135,'Market opened green today, Alhamdulillah!','2026-04-24 15:57:00'),
(136,'I think cement sector will rally this week.','2026-04-10 18:46:00'),
(137,'Bank stocks are my favorite for dividends.','2026-04-16 19:25:00'),
(138,'PPL might go up after gas price revision.','2026-05-01 09:15:00'),
(139,'Anyone tracking ENGRO? Great momentum.','2026-04-25 13:57:00'),
(140,'SYS is the future of Pakistan IT sector.','2026-04-02 17:42:00'),
(141,'Sold my INDU position for good profit.','2026-04-04 12:55:00'),
(142,'Who else is holding MCB long term?','2026-04-23 18:38:00'),
(143,'Fertilizer stocks are undervalued right now.','2026-04-13 15:02:00'),
(144,'Lucky Cement ki price bohat achi hai.','2026-04-28 16:37:00'),
(145,'Volume on PTC is crazy today!','2026-04-12 16:22:00'),
(146,'Fertilizer stocks are undervalued right now.','2026-04-23 16:15:00'),
(147,'Lucky Cement ki price bohat achi hai.','2026-04-22 17:17:00'),
(148,'HBL results are out, looking strong.','2026-04-05 19:44:00'),
(149,'Meezan Bank is Shariah compliant, great pick.','2026-04-07 09:24:00'),
(150,'Any thoughts on TRG Pakistan?','2026-05-01 18:21:00');

-- ============================================================
-- SEED DATA: Reviews
-- ============================================================
INSERT INTO reviews (user_id, rating, comment, review_timestamp) VALUES
(1,5,'Chat feature is really cool, great community.','2026-03-15 00:00:00'),
(2,5,'Would love to see mutual funds feature added.','2026-03-17 00:00:00'),
(5,3,'Price alerts are very useful for day trading.','2026-04-30 00:00:00'),
(6,4,'Easy to use, even for beginners. MashAllah!','2026-04-05 00:00:00'),
(7,5,'Love the candlestick charts, very accurate.','2026-03-22 00:00:00'),
(9,4,'Best stock simulator for Pakistani market.','2026-03-17 00:00:00'),
(10,4,'Support team responds quickly, good service.','2026-04-19 00:00:00'),
(12,5,'Support team responds quickly, good service.','2026-03-14 00:00:00'),
(16,3,'Easy to use, even for beginners. MashAllah!','2026-04-24 00:00:00'),
(17,5,'Would love to see mutual funds feature added.','2026-03-18 00:00:00'),
(18,3,'Chat feature is really cool, great community.','2026-03-25 00:00:00'),
(20,4,'App runs smoothly, no lag at all.','2026-04-07 00:00:00'),
(23,3,'Chat feature is really cool, great community.','2026-04-01 00:00:00'),
(25,4,'Finally a good Pakistani stock market app!','2026-04-01 00:00:00'),
(27,3,'Best stock simulator for Pakistani market.','2026-04-28 00:00:00'),
(28,3,'Price alerts are very useful for day trading.','2026-04-02 00:00:00'),
(30,3,'Portfolio tracking is very helpful.','2026-03-31 00:00:00'),
(32,3,'Love the candlestick charts, very accurate.','2026-03-10 00:00:00'),
(33,3,'Finally a good Pakistani stock market app!','2026-03-12 00:00:00'),
(34,4,'Best stock simulator for Pakistani market.','2026-03-12 00:00:00'),
(35,3,'Bohot acha app hai, zabardast kaam kiya hai!','2026-04-23 00:00:00'),
(36,3,'Support team responds quickly, good service.','2026-03-27 00:00:00'),
(37,4,'Bohot acha app hai, zabardast kaam kiya hai!','2026-03-15 00:00:00'),
(38,3,'Needs more stocks listed, but overall great.','2026-04-20 00:00:00'),
(39,4,'Price alerts are very useful for day trading.','2026-04-18 00:00:00'),
(40,5,'Finally a good Pakistani stock market app!','2026-04-03 00:00:00'),
(41,3,'Support team responds quickly, good service.','2026-03-16 00:00:00'),
(43,5,'Amazing work, keep it up developers!','2026-04-05 00:00:00'),
(45,3,'Great UI design, very professional look.','2026-04-18 00:00:00'),
(46,4,'Chat feature is really cool, great community.','2026-03-15 00:00:00'),
(47,4,'App runs smoothly, no lag at all.','2026-03-31 00:00:00'),
(49,3,'Amazing work, keep it up developers!','2026-04-24 00:00:00'),
(52,4,'Support team responds quickly, good service.','2026-03-03 00:00:00'),
(53,5,'Finally a good Pakistani stock market app!','2026-03-23 00:00:00'),
(54,4,'Great UI design, very professional look.','2026-04-13 00:00:00'),
(55,5,'User interface is beautiful and intuitive.','2026-04-24 00:00:00'),
(56,4,'Great UI design, very professional look.','2026-05-01 00:00:00'),
(57,3,'Portfolio tracking is very helpful.','2026-04-13 00:00:00'),
(58,5,'Chat feature is really cool, great community.','2026-03-18 00:00:00'),
(59,3,'Support team responds quickly, good service.','2026-03-12 00:00:00'),
(60,3,'App runs smoothly, no lag at all.','2026-03-23 00:00:00'),
(62,3,'Portfolio tracking is very helpful.','2026-03-26 00:00:00'),
(65,3,'Would love to see mutual funds feature added.','2026-03-15 00:00:00'),
(66,4,'Best stock simulator for Pakistani market.','2026-03-29 00:00:00'),
(68,4,'Easy to use, even for beginners. MashAllah!','2026-04-21 00:00:00'),
(69,4,'App runs smoothly, no lag at all.','2026-03-22 00:00:00'),
(70,5,'Best stock simulator for Pakistani market.','2026-04-13 00:00:00'),
(71,5,'Finally a good Pakistani stock market app!','2026-03-08 00:00:00'),
(72,5,'Best stock simulator for Pakistani market.','2026-03-06 00:00:00'),
(74,3,'Would love to see mutual funds feature added.','2026-03-14 00:00:00'),
(76,5,'Love the candlestick charts, very accurate.','2026-03-17 00:00:00'),
(77,3,'Bohot acha app hai, zabardast kaam kiya hai!','2026-04-03 00:00:00'),
(78,5,'App runs smoothly, no lag at all.','2026-04-23 00:00:00'),
(79,3,'Great UI design, very professional look.','2026-03-12 00:00:00'),
(80,4,'App runs smoothly, no lag at all.','2026-05-01 00:00:00'),
(81,5,'App runs smoothly, no lag at all.','2026-04-21 00:00:00'),
(84,3,'Bohot acha app hai, zabardast kaam kiya hai!','2026-04-13 00:00:00'),
(85,4,'Finally a good Pakistani stock market app!','2026-03-14 00:00:00'),
(86,5,'Price alerts are very useful for day trading.','2026-03-21 00:00:00'),
(87,3,'User interface is beautiful and intuitive.','2026-04-27 00:00:00'),
(88,5,'Love the candlestick charts, very accurate.','2026-04-20 00:00:00'),
(90,4,'Best stock simulator for Pakistani market.','2026-03-23 00:00:00'),
(91,3,'Love the candlestick charts, very accurate.','2026-04-19 00:00:00'),
(92,4,'App runs smoothly, no lag at all.','2026-04-16 00:00:00'),
(94,5,'Best stock simulator for Pakistani market.','2026-04-25 00:00:00'),
(95,4,'Chat feature is really cool, great community.','2026-03-24 00:00:00'),
(96,3,'Needs more stocks listed, but overall great.','2026-03-07 00:00:00'),
(97,3,'Best stock simulator for Pakistani market.','2026-03-18 00:00:00'),
(98,5,'Love the candlestick charts, very accurate.','2026-03-07 00:00:00'),
(99,5,'User interface is beautiful and intuitive.','2026-03-31 00:00:00'),
(100,5,'Portfolio tracking is very helpful.','2026-03-15 00:00:00'),
(102,3,'Easy to use, even for beginners. MashAllah!','2026-03-05 00:00:00'),
(104,4,'App runs smoothly, no lag at all.','2026-04-23 00:00:00'),
(105,4,'Amazing work, keep it up developers!','2026-03-24 00:00:00'),
(106,3,'Great UI design, very professional look.','2026-04-30 00:00:00'),
(107,3,'Best stock simulator for Pakistani market.','2026-04-25 00:00:00'),
(108,4,'Needs more stocks listed, but overall great.','2026-03-27 00:00:00'),
(109,5,'Love the candlestick charts, very accurate.','2026-03-26 00:00:00'),
(111,3,'Amazing work, keep it up developers!','2026-04-10 00:00:00'),
(112,3,'Great UI design, very professional look.','2026-04-13 00:00:00'),
(113,3,'User interface is beautiful and intuitive.','2026-03-22 00:00:00'),
(116,5,'Needs more stocks listed, but overall great.','2026-03-22 00:00:00'),
(118,3,'App runs smoothly, no lag at all.','2026-03-19 00:00:00'),
(120,4,'Best stock simulator for Pakistani market.','2026-03-28 00:00:00'),
(122,5,'Would love to see mutual funds feature added.','2026-04-02 00:00:00'),
(123,5,'Great UI design, very professional look.','2026-04-08 00:00:00'),
(125,4,'Love the candlestick charts, very accurate.','2026-04-11 00:00:00'),
(126,5,'Finally a good Pakistani stock market app!','2026-04-06 00:00:00'),
(127,3,'Best stock simulator for Pakistani market.','2026-04-04 00:00:00'),
(128,5,'Best stock simulator for Pakistani market.','2026-03-26 00:00:00'),
(129,5,'Finally a good Pakistani stock market app!','2026-03-29 00:00:00'),
(131,3,'Great UI design, very professional look.','2026-04-29 00:00:00'),
(132,5,'Price alerts are very useful for day trading.','2026-03-13 00:00:00'),
(133,5,'Chat feature is really cool, great community.','2026-04-06 00:00:00'),
(137,3,'Would love to see mutual funds feature added.','2026-04-08 00:00:00'),
(138,5,'Great UI design, very professional look.','2026-03-11 00:00:00'),
(139,3,'App runs smoothly, no lag at all.','2026-03-12 00:00:00'),
(140,3,'Portfolio tracking is very helpful.','2026-03-12 00:00:00'),
(142,4,'Would love to see mutual funds feature added.','2026-04-30 00:00:00'),
(145,5,'Price alerts are very useful for day trading.','2026-04-27 00:00:00'),
(147,5,'Finally a good Pakistani stock market app!','2026-03-10 00:00:00'),
(148,5,'Portfolio tracking is very helpful.','2026-04-01 00:00:00'),
(149,3,'App runs smoothly, no lag at all.','2026-03-17 00:00:00'),
(150,3,'Bohot acha app hai, zabardast kaam kiya hai!','2026-04-18 00:00:00');

-- ============================================================
-- SEED DATA: Support Tickets
-- ============================================================
INSERT INTO support_tickets (user_id, subject, message, status, ticket_timestamp) VALUES
(3,'Password Reset','I forgot my password and need to reset it.','CLOSED','2026-04-17 00:00:00'),
(8,'Portfolio Error','My portfolio balance is showing incorrect amount.','IN_PROGRESS','2026-04-16 00:00:00'),
(14,'Portfolio Error','My portfolio balance is showing incorrect amount.','OPEN','2026-03-27 00:00:00'),
(27,'Chart Not Loading','Candlestick chart is not loading for LUCK.','OPEN','2026-03-20 00:00:00'),
(29,'Chart Not Loading','Candlestick chart is not loading for LUCK.','CLOSED','2026-04-01 00:00:00'),
(30,'Password Reset','I forgot my password and need to reset it.','OPEN','2026-03-20 00:00:00'),
(33,'Feature Request','Please add dark mode toggle to the settings.','OPEN','2026-03-31 00:00:00'),
(34,'Watchlist Bug','Cannot add stocks to watchlist, getting error.','OPEN','2026-04-07 00:00:00'),
(39,'Watchlist Bug','Cannot add stocks to watchlist, getting error.','IN_PROGRESS','2026-04-04 00:00:00'),
(41,'Trade Not Executing','My buy order was placed but trade did not execute.','CLOSED','2026-03-18 00:00:00'),
(42,'Password Reset','I forgot my password and need to reset it.','CLOSED','2026-03-27 00:00:00'),
(46,'Slow Performance','The application is very slow during market hours.','OPEN','2026-04-08 00:00:00'),
(50,'Password Reset','I forgot my password and need to reset it.','IN_PROGRESS','2026-04-04 00:00:00'),
(51,'Balance Mismatch','Balance after my last trade does not match.','OPEN','2026-04-12 00:00:00'),
(54,'Balance Mismatch','Balance after my last trade does not match.','CLOSED','2026-04-07 00:00:00'),
(57,'Password Reset','I forgot my password and need to reset it.','CLOSED','2026-04-07 00:00:00'),
(71,'Slow Performance','The application is very slow during market hours.','IN_PROGRESS','2026-03-22 00:00:00'),
(75,'Password Reset','I forgot my password and need to reset it.','OPEN','2026-04-25 00:00:00'),
(80,'Trade Not Executing','My buy order was placed but trade did not execute.','OPEN','2026-04-29 00:00:00'),
(82,'Slow Performance','The application is very slow during market hours.','IN_PROGRESS','2026-04-03 00:00:00'),
(90,'App Crash','App crashed when I tried to view my portfolio.','CLOSED','2026-04-28 00:00:00'),
(93,'Watchlist Bug','Cannot add stocks to watchlist, getting error.','IN_PROGRESS','2026-04-16 00:00:00'),
(96,'Chart Not Loading','Candlestick chart is not loading for LUCK.','CLOSED','2026-04-21 00:00:00'),
(100,'Trade Not Executing','My buy order was placed but trade did not execute.','IN_PROGRESS','2026-03-24 00:00:00'),
(102,'Trade Not Executing','My buy order was placed but trade did not execute.','OPEN','2026-04-26 00:00:00'),
(105,'Portfolio Error','My portfolio balance is showing incorrect amount.','IN_PROGRESS','2026-04-10 00:00:00'),
(116,'Chart Not Loading','Candlestick chart is not loading for LUCK.','CLOSED','2026-04-16 00:00:00'),
(122,'Feature Request','Please add dark mode toggle to the settings.','OPEN','2026-03-18 00:00:00'),
(125,'Login Issue','I am unable to login with my credentials. Please help.','IN_PROGRESS','2026-05-01 00:00:00'),
(128,'Password Reset','I forgot my password and need to reset it.','OPEN','2026-04-01 00:00:00'),
(134,'Login Issue','I am unable to login with my credentials. Please help.','IN_PROGRESS','2026-04-05 00:00:00'),
(135,'App Crash','App crashed when I tried to view my portfolio.','OPEN','2026-04-29 00:00:00'),
(140,'App Crash','App crashed when I tried to view my portfolio.','OPEN','2026-04-16 00:00:00'),
(142,'Slow Performance','The application is very slow during market hours.','OPEN','2026-03-21 00:00:00'),
(143,'Trade Not Executing','My buy order was placed but trade did not execute.','CLOSED','2026-04-16 00:00:00'),
(146,'Password Reset','I forgot my password and need to reset it.','OPEN','2026-04-08 00:00:00');

-- ============================================================
-- SEED DATA: Transactions
-- ============================================================
INSERT INTO transactions (portfolio_id, transaction_type, amount, transaction_timestamp) VALUES
(1,'WITHDRAW',19548,'2026-03-25 00:00:00'),
(1,'DEPOSIT',296851,'2026-03-03 00:00:00'),
(1,'WITHDRAW',159840,'2026-03-19 00:00:00'),
(2,'DEPOSIT',16973,'2026-03-25 00:00:00'),
(2,'DEPOSIT',75539,'2026-03-07 00:00:00'),
(3,'DEPOSIT',322803,'2026-03-03 00:00:00'),
(3,'DEPOSIT',483522,'2026-04-26 00:00:00'),
(3,'WITHDRAW',464265,'2026-03-29 00:00:00'),
(4,'WITHDRAW',377786,'2026-04-14 00:00:00'),
(4,'WITHDRAW',59179,'2026-04-27 00:00:00'),
(5,'DEPOSIT',36162,'2026-04-15 00:00:00'),
(5,'DEPOSIT',51068,'2026-04-17 00:00:00'),
(6,'DEPOSIT',434289,'2026-03-25 00:00:00'),
(7,'DEPOSIT',167345,'2026-04-18 00:00:00'),
(8,'WITHDRAW',55938,'2026-03-30 00:00:00'),
(9,'DEPOSIT',455114,'2026-03-04 00:00:00'),
(10,'DEPOSIT',331279,'2026-03-18 00:00:00'),
(10,'WITHDRAW',137765,'2026-04-15 00:00:00'),
(10,'WITHDRAW',30486,'2026-03-20 00:00:00'),
(11,'DEPOSIT',252955,'2026-03-18 00:00:00'),
(12,'WITHDRAW',168664,'2026-04-10 00:00:00'),
(12,'WITHDRAW',46982,'2026-03-27 00:00:00'),
(12,'DEPOSIT',396994,'2026-03-11 00:00:00'),
(13,'WITHDRAW',439566,'2026-04-07 00:00:00'),
(13,'WITHDRAW',79586,'2026-03-27 00:00:00'),
(14,'WITHDRAW',147847,'2026-04-20 00:00:00'),
(14,'DEPOSIT',263073,'2026-03-27 00:00:00'),
(15,'WITHDRAW',429185,'2026-04-16 00:00:00'),
(16,'WITHDRAW',35322,'2026-04-29 00:00:00'),
(17,'WITHDRAW',251871,'2026-04-20 00:00:00'),
(17,'DEPOSIT',317552,'2026-04-28 00:00:00'),
(18,'WITHDRAW',469933,'2026-04-30 00:00:00'),
(19,'WITHDRAW',56217,'2026-03-20 00:00:00'),
(20,'DEPOSIT',395244,'2026-04-11 00:00:00'),
(20,'WITHDRAW',125100,'2026-03-15 00:00:00'),
(20,'DEPOSIT',43548,'2026-04-18 00:00:00'),
(21,'WITHDRAW',445704,'2026-03-05 00:00:00'),
(21,'DEPOSIT',134311,'2026-04-27 00:00:00'),
(22,'WITHDRAW',306484,'2026-03-17 00:00:00'),
(22,'DEPOSIT',56102,'2026-04-30 00:00:00'),
(22,'DEPOSIT',383081,'2026-04-06 00:00:00'),
(23,'WITHDRAW',304540,'2026-04-01 00:00:00'),
(24,'WITHDRAW',22829,'2026-04-10 00:00:00'),
(24,'DEPOSIT',260655,'2026-03-10 00:00:00'),
(25,'WITHDRAW',44815,'2026-04-23 00:00:00'),
(25,'WITHDRAW',115738,'2026-04-09 00:00:00'),
(25,'DEPOSIT',465089,'2026-04-28 00:00:00'),
(26,'DEPOSIT',19539,'2026-03-18 00:00:00'),
(26,'DEPOSIT',197148,'2026-03-09 00:00:00'),
(27,'DEPOSIT',183736,'2026-03-07 00:00:00'),
(28,'WITHDRAW',389464,'2026-04-01 00:00:00'),
(28,'WITHDRAW',135083,'2026-03-05 00:00:00'),
(28,'WITHDRAW',197377,'2026-03-08 00:00:00'),
(29,'WITHDRAW',228070,'2026-03-28 00:00:00'),
(29,'DEPOSIT',222065,'2026-03-23 00:00:00'),
(29,'WITHDRAW',346390,'2026-04-23 00:00:00'),
(30,'WITHDRAW',82634,'2026-03-20 00:00:00'),
(31,'WITHDRAW',206621,'2026-04-03 00:00:00'),
(31,'DEPOSIT',254075,'2026-03-23 00:00:00'),
(31,'DEPOSIT',360646,'2026-04-15 00:00:00'),
(32,'WITHDRAW',460513,'2026-04-29 00:00:00'),
(33,'DEPOSIT',128148,'2026-04-07 00:00:00'),
(33,'DEPOSIT',37851,'2026-03-13 00:00:00'),
(34,'DEPOSIT',326513,'2026-04-28 00:00:00'),
(35,'DEPOSIT',414352,'2026-04-06 00:00:00'),
(35,'DEPOSIT',306629,'2026-03-07 00:00:00'),
(35,'WITHDRAW',32484,'2026-03-05 00:00:00'),
(36,'DEPOSIT',203207,'2026-04-05 00:00:00'),
(36,'WITHDRAW',377490,'2026-03-03 00:00:00'),
(37,'DEPOSIT',25217,'2026-04-02 00:00:00'),
(38,'DEPOSIT',16449,'2026-04-01 00:00:00'),
(38,'DEPOSIT',271666,'2026-03-26 00:00:00'),
(38,'WITHDRAW',150807,'2026-03-08 00:00:00'),
(39,'WITHDRAW',29030,'2026-04-10 00:00:00'),
(39,'WITHDRAW',265595,'2026-04-22 00:00:00'),
(39,'DEPOSIT',241289,'2026-03-05 00:00:00'),
(40,'WITHDRAW',193532,'2026-04-30 00:00:00'),
(41,'WITHDRAW',335549,'2026-04-26 00:00:00'),
(41,'DEPOSIT',320015,'2026-03-06 00:00:00'),
(41,'WITHDRAW',425854,'2026-04-08 00:00:00'),
(42,'WITHDRAW',467440,'2026-03-11 00:00:00'),
(42,'DEPOSIT',496770,'2026-04-23 00:00:00'),
(42,'WITHDRAW',421495,'2026-03-17 00:00:00'),
(43,'DEPOSIT',430144,'2026-03-18 00:00:00'),
(44,'DEPOSIT',382190,'2026-04-30 00:00:00'),
(45,'WITHDRAW',343595,'2026-03-11 00:00:00'),
(46,'DEPOSIT',126628,'2026-04-08 00:00:00'),
(46,'DEPOSIT',360581,'2026-04-08 00:00:00'),
(47,'DEPOSIT',226326,'2026-04-27 00:00:00'),
(48,'DEPOSIT',343055,'2026-03-23 00:00:00'),
(49,'DEPOSIT',90122,'2026-04-01 00:00:00'),
(49,'DEPOSIT',436279,'2026-03-21 00:00:00'),
(49,'DEPOSIT',202171,'2026-03-05 00:00:00'),
(50,'WITHDRAW',299784,'2026-03-13 00:00:00'),
(50,'WITHDRAW',488274,'2026-04-19 00:00:00'),
(50,'DEPOSIT',345829,'2026-03-14 00:00:00'),
(51,'WITHDRAW',246441,'2026-04-30 00:00:00'),
(51,'DEPOSIT',127877,'2026-04-23 00:00:00'),
(52,'WITHDRAW',191530,'2026-03-10 00:00:00'),
(52,'WITHDRAW',445102,'2026-03-23 00:00:00'),
(52,'WITHDRAW',135265,'2026-03-08 00:00:00'),
(53,'DEPOSIT',336698,'2026-04-25 00:00:00'),
(53,'WITHDRAW',370969,'2026-03-15 00:00:00'),
(54,'WITHDRAW',349831,'2026-03-22 00:00:00'),
(54,'WITHDRAW',258394,'2026-04-14 00:00:00'),
(55,'DEPOSIT',318863,'2026-03-31 00:00:00'),
(55,'DEPOSIT',111461,'2026-03-25 00:00:00'),
(56,'WITHDRAW',158920,'2026-03-19 00:00:00'),
(56,'DEPOSIT',127275,'2026-04-12 00:00:00'),
(57,'WITHDRAW',58407,'2026-04-22 00:00:00'),
(57,'WITHDRAW',181434,'2026-04-30 00:00:00'),
(57,'WITHDRAW',371756,'2026-03-29 00:00:00'),
(58,'WITHDRAW',67457,'2026-04-06 00:00:00'),
(58,'WITHDRAW',152889,'2026-04-09 00:00:00'),
(59,'WITHDRAW',140876,'2026-03-18 00:00:00'),
(59,'WITHDRAW',197961,'2026-04-08 00:00:00'),
(59,'WITHDRAW',70484,'2026-03-30 00:00:00'),
(60,'DEPOSIT',399057,'2026-04-21 00:00:00'),
(60,'DEPOSIT',495857,'2026-04-03 00:00:00'),
(60,'DEPOSIT',142251,'2026-04-07 00:00:00'),
(61,'DEPOSIT',176622,'2026-03-11 00:00:00'),
(61,'WITHDRAW',330076,'2026-03-21 00:00:00'),
(62,'DEPOSIT',40923,'2026-04-12 00:00:00'),
(63,'WITHDRAW',185657,'2026-04-18 00:00:00'),
(63,'DEPOSIT',189981,'2026-04-02 00:00:00'),
(63,'WITHDRAW',491634,'2026-04-23 00:00:00'),
(64,'DEPOSIT',147879,'2026-03-19 00:00:00'),
(64,'WITHDRAW',208307,'2026-04-14 00:00:00'),
(64,'WITHDRAW',421253,'2026-03-13 00:00:00'),
(65,'DEPOSIT',111526,'2026-03-11 00:00:00'),
(66,'WITHDRAW',135246,'2026-04-11 00:00:00'),
(66,'WITHDRAW',310306,'2026-04-27 00:00:00'),
(67,'WITHDRAW',345758,'2026-03-25 00:00:00'),
(67,'WITHDRAW',250791,'2026-04-09 00:00:00'),
(67,'WITHDRAW',119790,'2026-03-28 00:00:00'),
(68,'DEPOSIT',210527,'2026-03-25 00:00:00'),
(68,'WITHDRAW',402171,'2026-04-23 00:00:00'),
(68,'WITHDRAW',494417,'2026-03-21 00:00:00'),
(69,'DEPOSIT',310687,'2026-04-11 00:00:00'),
(70,'DEPOSIT',368521,'2026-03-29 00:00:00'),
(71,'DEPOSIT',336586,'2026-04-28 00:00:00'),
(71,'WITHDRAW',368719,'2026-03-23 00:00:00'),
(71,'WITHDRAW',149113,'2026-03-06 00:00:00'),
(72,'DEPOSIT',170563,'2026-04-03 00:00:00'),
(73,'WITHDRAW',240166,'2026-03-19 00:00:00'),
(73,'DEPOSIT',245462,'2026-04-13 00:00:00'),
(74,'DEPOSIT',277834,'2026-04-25 00:00:00'),
(75,'WITHDRAW',208500,'2026-03-30 00:00:00'),
(76,'WITHDRAW',394451,'2026-04-08 00:00:00'),
(77,'DEPOSIT',410309,'2026-04-30 00:00:00'),
(77,'WITHDRAW',443338,'2026-03-05 00:00:00'),
(78,'DEPOSIT',463105,'2026-03-23 00:00:00'),
(79,'DEPOSIT',316319,'2026-03-27 00:00:00'),
(80,'WITHDRAW',271081,'2026-04-16 00:00:00'),
(80,'DEPOSIT',47034,'2026-04-23 00:00:00'),
(80,'DEPOSIT',91949,'2026-03-06 00:00:00'),
(81,'WITHDRAW',242700,'2026-03-26 00:00:00'),
(81,'DEPOSIT',101031,'2026-03-11 00:00:00'),
(81,'DEPOSIT',483473,'2026-03-17 00:00:00'),
(82,'WITHDRAW',213854,'2026-03-20 00:00:00'),
(82,'WITHDRAW',54306,'2026-03-30 00:00:00'),
(83,'DEPOSIT',54306,'2026-03-13 00:00:00'),
(84,'DEPOSIT',471805,'2026-04-20 00:00:00'),
(84,'WITHDRAW',367146,'2026-03-11 00:00:00'),
(85,'DEPOSIT',171967,'2026-03-09 00:00:00'),
(85,'WITHDRAW',351160,'2026-04-06 00:00:00'),
(86,'DEPOSIT',261254,'2026-03-11 00:00:00'),
(86,'DEPOSIT',234914,'2026-04-15 00:00:00'),
(86,'WITHDRAW',27532,'2026-04-19 00:00:00'),
(87,'DEPOSIT',454762,'2026-03-23 00:00:00'),
(87,'DEPOSIT',454083,'2026-03-30 00:00:00'),
(88,'DEPOSIT',378068,'2026-04-18 00:00:00'),
(89,'WITHDRAW',130951,'2026-04-12 00:00:00'),
(89,'DEPOSIT',133498,'2026-04-07 00:00:00'),
(89,'DEPOSIT',313950,'2026-03-14 00:00:00'),
(90,'DEPOSIT',358133,'2026-04-02 00:00:00'),
(90,'WITHDRAW',76988,'2026-04-20 00:00:00'),
(90,'WITHDRAW',369259,'2026-03-29 00:00:00'),
(91,'WITHDRAW',138969,'2026-04-22 00:00:00'),
(92,'DEPOSIT',225367,'2026-04-23 00:00:00'),
(92,'WITHDRAW',170620,'2026-04-19 00:00:00'),
(93,'WITHDRAW',154277,'2026-03-26 00:00:00'),
(93,'WITHDRAW',488976,'2026-03-30 00:00:00'),
(93,'WITHDRAW',344359,'2026-03-06 00:00:00'),
(94,'WITHDRAW',457643,'2026-04-08 00:00:00'),
(94,'WITHDRAW',349346,'2026-04-20 00:00:00'),
(94,'WITHDRAW',95170,'2026-04-12 00:00:00'),
(95,'DEPOSIT',46194,'2026-04-16 00:00:00'),
(95,'DEPOSIT',423770,'2026-03-09 00:00:00'),
(96,'DEPOSIT',130408,'2026-03-21 00:00:00'),
(96,'WITHDRAW',38793,'2026-04-02 00:00:00'),
(97,'WITHDRAW',48921,'2026-04-26 00:00:00'),
(98,'WITHDRAW',470360,'2026-03-13 00:00:00'),
(98,'WITHDRAW',182416,'2026-04-23 00:00:00'),
(99,'WITHDRAW',145348,'2026-03-10 00:00:00'),
(99,'DEPOSIT',166797,'2026-03-30 00:00:00'),
(100,'DEPOSIT',404056,'2026-03-05 00:00:00'),
(100,'WITHDRAW',466523,'2026-03-16 00:00:00'),
(101,'DEPOSIT',137788,'2026-04-15 00:00:00'),
(102,'DEPOSIT',109934,'2026-03-19 00:00:00'),
(102,'WITHDRAW',494763,'2026-03-05 00:00:00'),
(102,'WITHDRAW',112590,'2026-04-11 00:00:00'),
(103,'WITHDRAW',352264,'2026-03-28 00:00:00'),
(103,'WITHDRAW',54785,'2026-03-11 00:00:00'),
(104,'DEPOSIT',170011,'2026-04-07 00:00:00'),
(105,'DEPOSIT',193478,'2026-04-20 00:00:00'),
(105,'DEPOSIT',101282,'2026-04-20 00:00:00'),
(105,'DEPOSIT',160853,'2026-03-25 00:00:00'),
(106,'DEPOSIT',211767,'2026-04-11 00:00:00'),
(106,'WITHDRAW',451969,'2026-03-24 00:00:00'),
(107,'DEPOSIT',442368,'2026-04-10 00:00:00'),
(107,'WITHDRAW',245323,'2026-03-03 00:00:00'),
(108,'DEPOSIT',100443,'2026-04-16 00:00:00'),
(109,'DEPOSIT',62375,'2026-04-23 00:00:00'),
(110,'WITHDRAW',78144,'2026-03-23 00:00:00'),
(110,'WITHDRAW',148991,'2026-04-20 00:00:00'),
(111,'WITHDRAW',305894,'2026-03-18 00:00:00'),
(111,'DEPOSIT',113005,'2026-04-15 00:00:00'),
(112,'WITHDRAW',216025,'2026-03-22 00:00:00'),
(112,'WITHDRAW',118780,'2026-04-06 00:00:00'),
(112,'DEPOSIT',334463,'2026-04-21 00:00:00'),
(113,'DEPOSIT',213070,'2026-04-10 00:00:00'),
(113,'DEPOSIT',160185,'2026-04-05 00:00:00'),
(113,'DEPOSIT',325824,'2026-03-07 00:00:00'),
(114,'DEPOSIT',397877,'2026-04-06 00:00:00'),
(114,'DEPOSIT',57648,'2026-03-23 00:00:00'),
(114,'DEPOSIT',194641,'2026-03-05 00:00:00'),
(115,'WITHDRAW',116841,'2026-03-17 00:00:00'),
(115,'WITHDRAW',87347,'2026-04-24 00:00:00'),
(116,'DEPOSIT',84920,'2026-04-19 00:00:00'),
(116,'DEPOSIT',151946,'2026-03-17 00:00:00'),
(117,'DEPOSIT',171923,'2026-03-29 00:00:00'),
(117,'DEPOSIT',421545,'2026-04-20 00:00:00'),
(117,'WITHDRAW',269895,'2026-04-23 00:00:00'),
(118,'DEPOSIT',341048,'2026-03-27 00:00:00'),
(118,'WITHDRAW',498131,'2026-03-30 00:00:00'),
(119,'DEPOSIT',427696,'2026-03-18 00:00:00'),
(119,'WITHDRAW',473610,'2026-04-08 00:00:00'),
(120,'DEPOSIT',159548,'2026-03-09 00:00:00'),
(120,'DEPOSIT',452685,'2026-04-19 00:00:00'),
(120,'DEPOSIT',25316,'2026-03-09 00:00:00'),
(121,'WITHDRAW',35190,'2026-03-25 00:00:00'),
(122,'WITHDRAW',64569,'2026-04-24 00:00:00'),
(122,'WITHDRAW',367574,'2026-04-29 00:00:00'),
(122,'WITHDRAW',347256,'2026-04-12 00:00:00'),
(123,'DEPOSIT',321589,'2026-04-09 00:00:00'),
(123,'DEPOSIT',383630,'2026-03-28 00:00:00'),
(123,'DEPOSIT',467049,'2026-03-21 00:00:00'),
(124,'DEPOSIT',274386,'2026-03-31 00:00:00'),
(124,'DEPOSIT',298847,'2026-04-06 00:00:00'),
(124,'DEPOSIT',29344,'2026-03-08 00:00:00'),
(125,'DEPOSIT',443922,'2026-04-08 00:00:00'),
(125,'DEPOSIT',84231,'2026-03-13 00:00:00'),
(126,'WITHDRAW',305677,'2026-03-07 00:00:00'),
(127,'WITHDRAW',449844,'2026-04-21 00:00:00'),
(128,'DEPOSIT',147409,'2026-04-23 00:00:00'),
(128,'DEPOSIT',354714,'2026-04-11 00:00:00'),
(129,'DEPOSIT',247398,'2026-03-16 00:00:00'),
(129,'DEPOSIT',396719,'2026-03-24 00:00:00'),
(130,'WITHDRAW',224103,'2026-04-28 00:00:00'),
(131,'WITHDRAW',47681,'2026-03-24 00:00:00'),
(132,'WITHDRAW',125339,'2026-04-11 00:00:00'),
(132,'WITHDRAW',417272,'2026-03-30 00:00:00'),
(133,'WITHDRAW',238573,'2026-03-16 00:00:00'),
(134,'DEPOSIT',186462,'2026-03-11 00:00:00'),
(134,'WITHDRAW',489931,'2026-04-01 00:00:00'),
(135,'WITHDRAW',317744,'2026-04-15 00:00:00'),
(135,'DEPOSIT',158394,'2026-04-16 00:00:00'),
(135,'WITHDRAW',461847,'2026-03-29 00:00:00'),
(136,'WITHDRAW',419603,'2026-04-15 00:00:00'),
(137,'WITHDRAW',269999,'2026-04-01 00:00:00'),
(137,'DEPOSIT',497013,'2026-04-22 00:00:00'),
(137,'WITHDRAW',131101,'2026-03-25 00:00:00'),
(138,'WITHDRAW',313741,'2026-04-19 00:00:00'),
(139,'WITHDRAW',154627,'2026-04-14 00:00:00'),
(139,'WITHDRAW',482029,'2026-04-24 00:00:00'),
(140,'WITHDRAW',123109,'2026-04-13 00:00:00'),
(141,'DEPOSIT',102409,'2026-03-13 00:00:00'),
(142,'WITHDRAW',87646,'2026-03-18 00:00:00'),
(143,'WITHDRAW',396912,'2026-04-21 00:00:00'),
(144,'DEPOSIT',249064,'2026-04-12 00:00:00'),
(145,'DEPOSIT',498211,'2026-04-08 00:00:00'),
(145,'WITHDRAW',495060,'2026-03-30 00:00:00'),
(146,'WITHDRAW',485871,'2026-04-25 00:00:00'),
(147,'DEPOSIT',316425,'2026-03-29 00:00:00'),
(148,'DEPOSIT',295008,'2026-04-24 00:00:00'),
(148,'DEPOSIT',463903,'2026-03-12 00:00:00'),
(148,'WITHDRAW',259796,'2026-04-08 00:00:00'),
(149,'WITHDRAW',35028,'2026-03-06 00:00:00'),
(149,'WITHDRAW',229501,'2026-04-18 00:00:00'),
(150,'WITHDRAW',330399,'2026-03-24 00:00:00'),
(150,'WITHDRAW',405438,'2026-03-13 00:00:00');

